,Area,1961,1962,1963,1964,1965,1966,1967,1968,1969,1970,1971,1972,1973,1974,1975,1976,1977,1978,1979,1980,1981,1982,1983,1984,1985,1986,1987,1988,1989,1990,1991,1992,1993,1994,1995,1996,1997,1998,1999,2000,2001,2002,2003,2004,2005,2006,2007,2008,2009,2010,2011,2012,2013,2014,2015,2016,2017,2018,2019,2020
0,Afghanistan,37700.0,37760.0,37810.0,37873.0,37875.0,37913.0,37979.0,37980.0,37996.0,38006.0,38036.0,38046.0,38048.0,38048.0,38048.0,38048.0,38050.0,38050.0,38049.0,38049.0,38053.0,38054.0,38054.0,38054.0,38054.0,38054.0,38045.0,38040.0,38040.0,38040.0,38030.0,38030.0,37934.0,37813.0,37753.0,37752.0,37790.0,37867.0,37753.0,37753.0,39893.0,39498.0,40662.0,39997.0,40124.0,40217.0,40162.0,40101.0,41582.0,41703.0,41998.0,42054.0,42094.0,42264.0,42240.0,40367.0,40181.0,39957.0,40293.0,40849.0
1,Albania,1232.0,1232.0,1233.0,1230.0,1237.0,1240.0,1244.0,1240.0,1235.0,1230.0,1200.0,1174.0,1146.0,1122.0,1080.0,1075.0,1109.0,1114.0,1117.0,1118.0,1116.0,1114.0,1110.0,1113.0,1112.0,1111.0,1111.0,1117.0,1110.0,1121.0,1127.0,1127.0,1126.0,1126.0,1127.0,1131.0,1135.0,1139.0,1145.0,1144.0,1139.0,1140.0,1121.0,1122.0,1077.0,1120.0,1314.0,1299.0,1403.3,1405.8,1405.3,1406.0,1393.569,1325.175,1333.544,1352.1,1580.2610000000002,1584.031,1590.63,1591.945
2,Algeria,45471.0,44900.0,44510.0,44164.0,44167.0,44167.0,44251.0,44203.0,44203.0,44216.0,45433.0,45396.0,44304.0,44336.0,43753.0,44021.0,43832.0,43843.0,43820.0,43830.0,39171.0,39107.0,39282.0,39610.0,39051.0,38688.0,38779.0,38817.0,38760.0,38676.0,38622.0,38865.0,38862.0,39640.0,39649.0,39636.0,39690.0,39826.0,39731.0,40021.0,40109.0,39855.0,40627.7,41938.0,42036.0,42016.0,42157.0,42164.72,42264.34,42359.22,42375.01,42441.11,42521.135,42567.259,42671.661,42620.708,42641.5018,41358.847,41358.847,41358.847
5,Angola,45177.22,45207.22,45227.22,45257.22,45277.22,45307.22,45337.22,45367.22,45407.22,45407.22,45407.22,45407.22,45407.22,45407.22,45407.22,45407.22,45407.22,45407.22,45407.22,45407.22,45407.22,45407.22,45407.22,45407.22,45407.22,45407.22,45407.22,45407.22,45407.22,45407.22,45562.637,45718.054,45873.471,46028.888,46184.305,46339.722,46495.139,46650.556,46805.973,46961.39,47516.451,48071.512,48626.573,49181.634,49736.695,50291.756,50846.817,51401.878,51956.939,52512.0,53067.062,53622.124,54177.186,54732.248,55287.31,55842.38,56397.43,56952.49,56952.49,56952.49
6,Antigua and Barbuda,10.0,9.0,10.0,9.0,11.0,11.0,10.0,10.0,11.0,11.0,11.0,7.0,7.0,7.0,7.0,7.0,7.0,7.0,7.0,7.0,7.0,7.0,7.0,8.0,9.0,9.0,9.0,9.0,9.0,9.0,9.0,9.0,9.0,9.0,9.0,9.0,9.0,9.0,9.0,9.0,9.0,9.0,9.0,9.0,9.0,9.0,9.0,9.0,9.0,9.0,9.0,9.0,9.0,9.0,9.0,9.0,9.0,9.0,9.0,9.0
7,Argentina,137829.0,136434.0,134875.0,133297.0,131780.0,130948.0,129703.0,129235.0,127382.0,127383.0,127383.0,127383.0,127383.0,127383.0,127383.0,127383.0,127383.0,127383.0,127383.0,127383.0,127383.0,127384.0,127385.0,127384.0,127384.0,127384.0,127384.0,127380.0,127470.0,127565.0,127660.0,127755.0,127850.0,127948.0,128045.0,128142.0,128235.0,128330.0,128412.0,128510.0,128606.0,130066.0,129103.3,129496.6,129920.9,130138.9,129968.4,127046.9,124328.4,126267.9,125318.4,124741.9,122937.4,120012.9,117088.4,114163.9,111239.4,109772.7597,108381.7597,108381.7597
8,Armenia,0.0,0.0,0.0,0.0,0.0,0.0,0.0,0.0,0.0,0.0,0.0,0.0,0.0,0.0,0.0,0.0,0.0,0.0,0.0,0.0,0.0,0.0,0.0,0.0,0.0,0.0,0.0,0.0,0.0,0.0,0.0,1170.0,1181.0,1200.0,1244.0,1306.0,1332.0,1328.0,1323.0,1323.0,1328.0,1391.0,1444.0,1505.0,1605.0,1910.3000000000002,1906.5,1904.56,1902.1,1890.2,1852.6999999999998,1837.4,2205.2,2204.0,2200.4,2200.3,2198.5,2199.4,2199.4,2199.4
10,Australia,474484.4445,476592.9315,479369.5782,481903.8096,486259.191,487028.5257,489580.5639,513569.5611,510888.0189,493432.4985,499536.1667,499815.0,497897.0,500357.0,499547.0,500742.0,491510.0,496100.0,493238.0,495638.0,495565.0,490772.0,483789.0,486558.0,486791.0,468541.0,471020.0,472052.0,467104.0,464437.0,462782.0,466004.0,460097.0,469143.0,463388.0,465230.0,462233.0,463881.0,453693.0,455469.0,458206.0,449545.0,441878.0,442512.0,447554.0,437471.0,427372.0,419139.0,410790.0,400421.0,411635.6,407615.0,398993.3,408630.3,368062.1,373225.0,396041.0,380380.0,385756.0,378523.0
11,Austria,3555.4,3531.0,3489.8,3476.5,3464.2,3406.0,3373.7,3359.3,3351.1,3335.8,3320.9,3307.1,3222.2,3207.3,3189.5,3183.5,3177.6,3180.8,3142.9,3141.0,3155.4,3142.7,3025.9,3033.2,3037.5,3026.8,3028.0,3048.3,3050.6,3023.9,3036.9,3013.0,2999.0,2994.1,2981.1,2973.3,2964.6,2959.9,2955.2,2940.2,2916.1,2902.2,2919.23,2867.4,2896.8,2843.3,2874.1,2809.4,2795.0,2832.16,2757.3,2735.2,2820.6600000000003,2714.2,2718.45,2746.57,2654.62,2652.83,2651.21,2646.76
12,Azerbaijan,0.0,0.0,0.0,0.0,0.0,0.0,0.0,0.0,0.0,0.0,0.0,0.0,0.0,0.0,0.0,0.0,0.0,0.0,0.0,0.0,0.0,0.0,0.0,0.0,0.0,0.0,0.0,0.0,0.0,0.0,0.0,4446.2,4456.6,4486.0,4489.1,4526.2,4588.7,4682.1,4692.4,4740.4,6168.6,6167.9,6177.6,6182.9,6188.6,6184.5,6186.1,6186.2,6161.9,6171.9,6173.299999999999,6176.200000000001,6184.1,6187.4,6200.8,6195.9,6207.4,6212.8,6214.299999999999,6245.0
13,Bahamas,10.0,10.0,10.0,10.0,10.0,10.0,10.0,10.0,10.0,10.0,10.0,10.0,10.0,10.0,10.0,11.0,11.0,11.0,11.0,11.0,11.0,11.0,11.0,11.0,12.0,12.0,12.0,12.0,12.0,12.0,12.0,12.0,12.0,12.0,12.0,12.0,12.0,12.0,12.0,13.0,13.0,13.0,13.0,13.0,13.0,13.0,13.0,13.0,15.0,15.0,14.0,14.0,14.0,14.0,14.0,14.0,14.0,14.0,14.0,14.0
14,Bahrain,7.0,7.0,7.0,7.0,7.0,7.0,7.0,7.0,7.0,7.0,7.0,7.0,7.0,7.0,8.0,10.0,10.0,10.0,10.0,10.0,9.0,8.0,8.0,8.0,8.0,8.0,8.0,8.0,8.0,8.0,8.0,9.0,9.0,9.0,9.0,9.0,9.0,9.0,10.0,9.2,13.2,9.2,8.9,8.7,8.7,8.55,8.4,8.2,8.36,8.6,8.6,8.6,8.6,8.6,8.6,8.6,8.6,8.6,8.6,8.6
15,Bangladesh,9480.0,9477.0,9480.0,9520.0,9637.0,9650.0,9695.0,9669.0,9675.0,9697.0,9695.0,9991.0,9989.0,9989.0,10004.0,9998.0,9991.0,9987.0,9983.0,9987.0,9981.0,9978.0,9964.0,10060.0,10027.0,10041.0,10115.0,10427.0,10443.0,10386.0,10320.0,9549.0,9446.0,9358.0,9374.0,9327.0,9365.0,9434.0,9486.0,9400.0,9403.0,9353.0,9328.0,14110.0,14071.0,14163.0,9266.0,9253.0,9246.0,9241.0,9128.0,9123.0,14651.0,14717.0,14872.24,14992.21,15068.33,15158.913999999999,17622.0,18028.0
16,Barbados,19.0,19.0,19.0,19.0,19.0,19.0,19.0,19.0,19.0,19.0,19.0,19.0,19.0,19.0,19.0,19.0,19.0,19.0,19.0,19.0,19.0,19.0,19.0,19.0,19.0,19.0,19.0,19.0,19.0,19.0,19.0,19.0,19.0,19.0,19.0,19.0,19.0,19.0,18.0,18.0,18.0,17.0,17.0,16.0,16.0,16.0,16.0,16.0,16.0,15.0,14.0,13.0,12.5,12.0,11.0,10.0,10.0,10.0,10.0,10.0
17,Belarus,0.0,0.0,0.0,0.0,0.0,0.0,0.0,0.0,0.0,0.0,0.0,0.0,0.0,0.0,0.0,0.0,0.0,0.0,0.0,0.0,0.0,0.0,0.0,0.0,0.0,0.0,0.0,0.0,0.0,0.0,0.0,9391.0,9354.0,9346.0,9339.0,9333.0,9306.0,9307.0,9281.0,9252.0,9243.0,9140.0,9100.0,9071.0,9063.0,9069.0,8916.0,8970.0,8974.0,8928.0,8905.6,8826.0,8756.0,8691.699999999999,8642.3,8600.800000000001,8562.6,8520.6,8451.6,8344.6
18,Belgium,0.0,0.0,0.0,0.0,0.0,0.0,0.0,0.0,0.0,0.0,0.0,0.0,0.0,0.0,0.0,0.0,0.0,0.0,0.0,0.0,0.0,0.0,0.0,0.0,0.0,0.0,0.0,0.0,0.0,0.0,0.0,0.0,0.0,0.0,0.0,0.0,0.0,0.0,0.0,1389.6,1386.8,1389.1,1394.1000000000001,1391.3,1386.4,1380.0,1372.6000000000001,1365.3,1363.6,1355.7,1335.7,1332.0,1342.2,1331.3,1328.0,1350.8,1327.0,1354.0,1356.4226,1364.6093
19,Belgium-Luxembourg,1811.0,1816.0,1772.0,1761.0,1758.0,1755.0,1758.0,1752.0,1763.0,1763.0,1756.0,1748.0,1763.0,1801.0,1791.0,1781.0,1768.0,1776.0,1689.0,1471.0,1460.0,1531.0,1528.0,1524.0,1516.0,1510.0,1501.0,1496.0,1466.0,1443.0,1423.0,1471.0,1483.0,1492.0,1495.0,1501.0,1510.0,1518.0,1521.0,0.0,0.0,0.0,0.0,0.0,0.0,0.0,0.0,0.0,0.0,0.0,0.0,0.0,0.0,0.0,0.0,0.0,0.0,0.0,0.0,0.0
20,Belize,79.0,79.0,80.0,80.0,80.0,81.0,81.0,81.0,82.0,82.0,83.0,83.0,84.0,84.0,85.0,85.0,86.0,93.0,94.0,96.0,97.0,97.0,97.0,97.0,101.0,103.0,112.0,115.0,120.0,126.0,130.0,136.0,143.0,143.0,146.0,147.0,148.0,148.0,150.0,149.0,149.0,152.0,152.0,152.0,152.0,152.0,152.0,152.0,155.0,157.0,157.0,160.0,160.0,160.0,170.0,170.0,172.0,172.0,172.0,172.0
21,Benin,1442.0,1462.0,1482.0,1502.0,1522.0,1552.0,1592.0,1622.0,1707.0,1727.0,1777.0,1807.0,1827.0,1857.0,1897.0,1927.0,1957.0,1977.0,1997.0,2027.0,2057.0,2090.0,2100.0,2110.0,2130.0,2190.0,2200.0,2210.0,2220.0,2270.0,2280.0,2295.0,2320.0,2400.0,2520.0,2710.0,2890.0,3050.0,3110.0,3195.0,3265.0,3374.3,3467.0,3467.0,3484.0,3340.0,3365.9,3550.0,3650.0,3650.0,3650.0,3767.2,3950.0,3950.0,3950.0,3950.0,3967.2,3950.0,3950.0,3950.0
23,Bhutan,361.0,363.0,363.0,365.0,366.0,368.0,368.0,370.0,370.0,382.0,382.0,385.0,385.0,392.0,392.0,398.0,400.0,400.0,405.0,413.0,413.0,418.0,430.0,444.0,444.0,444.0,465.0,460.0,452.0,454.0,504.0,504.0,505.0,509.0,565.0,570.0,572.0,572.0,572.0,578.0,579.0,580.0,583.0,584.0,593.0,577.0,563.0,521.3,520.0,520.0,519.6,519.6,519.6,525.6,525.6,519.0,513.0,513.0,513.0,513.0
24,Bolivia (Plurinational State of),30042.0,29942.0,29807.0,29878.0,29915.0,29951.0,29988.0,30024.0,30261.0,30297.0,30734.0,31270.0,31308.0,31843.0,32380.0,32416.0,32953.0,32989.0,33525.0,33562.0,34099.0,34136.0,34173.0,34717.0,34687.0,35203.0,35227.0,35250.0,35470.0,35455.0,35796.0,35831.0,36213.0,36351.0,36600.0,36684.0,36874.0,36982.0,37069.0,37143.0,37156.0,37311.0,36647.0,36617.0,36962.0,37112.0,37390.0,37485.0,37673.0,37516.0,37557.0,37651.0,38006.0,37975.0,37939.0,37685.0,38226.94,38200.32,38289.91,38306.5967
25,Bosnia and Herzegovina,0.0,0.0,0.0,0.0,0.0,0.0,0.0,0.0,0.0,0.0,0.0,0.0,0.0,0.0,0.0,0.0,0.0,0.0,0.0,0.0,0.0,0.0,0.0,0.0,0.0,0.0,0.0,0.0,0.0,0.0,0.0,2200.0,2190.0,2180.0,2175.0,2170.0,2165.0,2160.0,2105.0,2130.0,2126.0,2123.0,2169.0,2169.4,2157.0,2159.0,2149.0,2130.0,2128.0,2144.0,2151.0,2156.0,2161.0,2157.0,2176.0,2209.0,2228.0,2211.0,2216.0,2216.0
26,Botswana,26000.0,26000.0,26000.0,26000.0,26001.0,26001.0,26001.0,26001.0,26001.0,26001.0,26001.0,26002.0,26002.0,26002.0,26002.0,26002.0,26002.0,26002.0,26004.0,26004.0,26004.0,26006.0,26006.0,26006.0,26008.0,26008.0,26010.0,26010.0,26015.0,26021.0,25901.0,25851.0,25951.0,25996.0,25946.0,25946.0,25901.0,25831.0,25841.0,25951.0,25801.0,25846.0,25796.14,25827.3,25815.0,25803.3,25784.21,25882.5,25918.66,25861.75,25926.35,25888.1,25883.1,26006.5,25861.6,25861.6,25861.6,25861.6,25862.0,25862.0
27,Brazil,156959.0,160666.0,164373.0,168080.0,171787.0,175494.0,179201.0,182908.0,186615.0,190328.0,193834.0,197340.0,200846.0,204352.0,207859.0,212780.0,217701.0,222622.0,227543.0,232517.208,234413.8,236310.6,238207.4,240104.2,241998.707,240579.2,239159.4,237739.6,236319.8,234900.0,233480.2,232060.4,230640.6,229220.8,227805.0,227908.7,228012.4,228116.1,228219.8,228323.5,228427.2,228530.9,228634.6,228738.3,228842.0,233405.0,229671.8,230392.6,231113.4,231834.2,232555.0,233275.8,233996.6,234717.4,235438.2,236159.0,243781.56,236878.801,236878.801,236878.801
29,Brunei Darussalam,21.0,21.0,21.0,24.0,24.0,23.0,23.0,24.0,24.0,24.0,19.0,18.0,18.0,18.0,18.0,17.0,15.0,15.0,15.0,14.0,14.0,13.0,13.0,12.0,12.0,12.0,12.0,12.0,12.0,11.0,11.0,11.0,11.0,11.0,10.0,10.0,10.0,10.0,10.0,10.0,11.0,11.1,11.1,11.1,11.1,10.3,11.5,11.4,13.4,13.4,13.4,13.4,13.4,13.4,13.4,13.4,13.4,13.4,13.4,13.4
30,Bulgaria,5673.0,5685.0,5693.0,5772.0,5793.0,5802.0,5863.0,5881.0,6022.0,6010.0,6009.0,6022.0,5982.0,6038.0,5955.0,6198.0,6206.0,6211.0,6206.0,6181.0,6179.0,6182.0,6177.0,6172.0,6169.0,6166.0,6166.0,6162.0,6168.0,6159.0,6161.0,6154.0,6121.0,6159.0,6164.0,6164.0,6203.0,5645.0,5679.0,5582.0,5498.0,5325.0,5405.0,5330.0,5319.0,5190.0,5189.0,5101.0,5030.0,5142.0,5088.0,5123.0,5093.7,4977.0,5011.9,5113.9,5029.52,5030.0,5037.0,5047.0
31,Burkina Faso,8139.0,8149.0,8159.0,8169.0,8179.0,8190.0,8200.0,8210.0,8222.0,8236.0,8220.0,8302.0,8373.0,8453.0,8536.0,8585.0,8635.0,8685.0,8735.0,8785.0,8835.0,8885.0,8935.0,8985.0,9035.0,9085.0,9140.0,9564.0,9600.0,9575.0,9550.0,9525.0,9500.0,9431.0,9450.0,9550.0,9850.0,9970.0,9970.0,9770.0,10570.0,10770.0,11170.0,10670.0,10970.0,10794.0,11018.0,12142.5,11843.0,12143.0,11843.0,12143.0,12343.0,12143.0,12143.0,12143.0,12143.0,12143.0,12143.0,12143.0
32,Burundi,1575.0,1590.0,1604.0,1605.0,1624.0,1621.0,1666.0,1676.0,1897.0,1880.0,1899.0,1906.0,2000.0,2030.0,2060.0,2095.0,2143.0,2120.0,2100.0,2088.0,2075.0,2060.0,2060.0,2060.0,2060.0,2082.0,2092.0,2105.0,2105.0,2110.0,2110.0,2120.0,2123.0,2073.0,2037.0,1993.0,1952.0,1913.0,1887.0,1867.0,1851.0,1834.0,1833.0,1848.0,1819.0,1822.0,1825.0,1828.0,1831.0,1833.0,1883.0,1933.0,2033.0,2033.0,2033.0,2033.0,2033.0,2033.0,2033.0,2033.0
33,Cabo Verde,65.0,65.0,65.0,65.0,65.0,65.0,65.0,65.0,65.0,65.0,65.0,65.0,65.0,65.0,65.0,65.0,65.0,65.0,65.0,65.0,65.0,65.0,65.0,65.0,65.0,65.0,65.0,67.0,67.0,68.0,68.0,69.0,69.0,69.0,70.0,70.0,72.0,72.0,71.0,71.0,73.0,74.0,74.0,75.0,75.0,76.0,76.0,78.0,78.0,78.0,78.0,84.0,84.0,79.0,79.0,79.0,79.0,79.0,79.0,79.0
34,Cambodia,3518.0,3533.0,3542.0,3595.0,3627.0,3627.0,3629.0,3577.0,3477.0,3419.0,2450.0,2450.0,2450.0,2500.0,2500.0,2550.0,2550.0,2600.0,2600.0,2650.0,2650.0,2680.0,2690.0,2691.0,2990.0,3290.0,3700.0,4150.0,4435.0,4455.0,4510.0,4515.0,4531.0,4570.0,4570.0,4580.0,4580.0,4630.0,4640.0,4770.0,4890.0,5000.0,5100.0,5230.0,5356.0,5355.0,5355.0,5355.0,5355.0,5455.0,5455.0,5455.0,5455.0,5455.0,5582.0,5604.0,5652.0,5691.0,5748.0,5789.0
35,Cameroon,7510.0,7570.0,7620.0,7680.0,7740.0,7800.0,7870.0,7920.0,7970.0,7978.0,8028.0,8095.0,8160.0,8280.0,8395.0,8510.0,8644.0,8671.0,8912.0,8930.0,8960.0,9010.0,9060.0,9110.0,9160.0,9230.0,9210.0,9210.0,9190.0,9170.0,9150.0,9160.0,9160.0,9160.0,9160.0,9160.0,9160.0,9160.0,9160.0,9160.0,9160.0,9160.0,9160.0,9210.0,9213.0,9213.0,9213.0,9263.0,9313.0,9700.0,9750.0,9750.0,9750.0,9750.0,9750.0,9750.0,9750.0,9750.0,9750.0,9750.0
36,Canada,61843.0,62280.0,62717.0,63154.0,63591.0,63701.0,63566.0,63431.0,63296.0,63161.0,63023.0,63050.0,63077.0,63104.0,63131.0,63158.99,62785.0,62410.0,62035.0,61660.0,61290.0,61212.0,61134.0,61056.0,60978.0,60898.892,61025.0,61151.0,61277.0,61403.0,61533.2464,61465.0,61397.0,61329.0,61261.0,61192.0,61215.0,61239.0,61263.0,61287.0,61308.1608,62091.0,61946.0,61801.0,62501.0,60584.0,60008.0,59432.0,58856.0,59050.0,57699.7,57771.0,59796.0,59736.0,60581.5,59611.0,59585.0,59763.0,59718.0,59304.0
38,Central African Republic,4738.0,4748.0,4756.0,4770.0,4780.0,4790.0,4800.0,4810.0,4820.0,4830.0,4840.0,4850.0,4860.0,4870.0,4890.0,4900.0,4910.0,4920.0,4930.0,4945.0,4945.0,4960.0,4970.0,4982.0,4983.0,5004.0,5005.0,5006.0,5006.0,5006.0,5008.0,5020.0,5020.0,5020.0,5010.0,5022.0,5123.0,5149.0,5149.0,5149.0,5149.0,5149.0,5195.0,5215.0,5215.0,5210.0,5210.0,5178.0,5146.0,5114.0,5080.0,5080.0,5080.0,5080.0,5080.0,5080.0,5080.0,5080.0,5080.0,5080.0
39,Chad,47900.0,47900.0,47900.0,47900.0,47900.0,47900.0,47900.0,47900.0,47900.0,47900.0,47900.0,47900.0,47910.0,47920.0,48000.0,48100.0,48100.0,48150.0,48150.0,48150.0,48150.0,48150.0,48150.0,48150.0,48155.0,48205.0,48205.0,48230.0,48250.0,48300.0,48350.0,48370.0,48400.0,48420.0,48450.0,48430.0,48630.0,48630.0,48630.0,48630.0,48930.0,48730.0,48830.0,48830.0,48930.0,48930.0,48931.0,48931.0,49035.0,49235.0,49335.0,49685.0,50036.0,50236.0,50237.0,50238.0,50238.0,50238.0,50238.0,50238.0
41,Chile,13386.0,13556.0,13726.0,13898.0,14069.0,14238.0,14458.0,14678.0,14848.0,15100.0,15350.0,15600.0,15838.0,16250.0,16550.0,17200.0,17100.0,17000.0,16900.0,16850.0,16750.0,16600.0,16550.0,16500.0,16472.0,16436.0,16163.0,16154.0,16169.0,15899.0,15789.0,15556.0,15477.0,15450.0,15330.0,15232.0,15222.0,15219.0,15060.0,15110.0,15150.0,15565.0,15425.0,15935.0,15885.0,15800.0,16826.0,15784.0,15782.0,15743.0,15789.0,15755.0,15781.0,15761.2,15785.0,15741.8,15757.0,15695.0,15671.0,15710.0
42,China,343248.0,346001.0,348854.0,351706.0,355509.0,359112.0,362715.0,366313.0,370928.0,375518.0,380165.0,384781.0,390388.0,397029.0,401637.0,407533.3333,413428.6667,419396.0,423960.5,428519.0,433818.0,443418.0,453831.0,465438.0,477244.0,483353.0,488661.0,494279.0,500388.0,506592.0,512271.0,515198.0,519106.0,523713.0,523714.0,523752.0,523744.25,523738.5,523734.75,523731.0,524322.8444,524914.6889,525505.5333,526091.3778,526682.2222,527272.0667,527861.9111,528451.7556,529038.6,528916.8,528885.1,528799.5,528801.5,528695.0,528633.4,528552.9,528512.1,528509.7,528509.2,528508.1
43,"China, Hong Kong SAR",14.0,14.0,14.0,13.0,13.0,13.0,13.0,13.0,13.0,13.0,12.0,12.0,12.0,12.0,10.0,10.0,9.0,8.0,8.0,8.0,9.0,9.0,9.0,9.0,9.0,9.0,9.0,9.0,8.0,8.0,8.0,8.0,8.0,8.0,8.0,8.0,7.0,7.0,7.0,7.0,7.0,7.0,7.0,7.0,7.0,6.0,6.0,6.0,6.0,5.5,5.5,5.1,5.1,5.1,5.1,5.0,5.1,5.0,5.0,4.0
44,"China, Taiwan Province of",884.0,887.0,890.0,893.0,896.0,899.0,902.0,900.0,915.0,905.0,903.0,899.0,896.0,917.0,917.0,920.0,923.0,918.0,915.0,907.0,900.0,891.0,894.0,892.0,888.0,888.0,886.0,895.0,895.0,890.0,884.0,876.0,875.0,872.0,873.0,872.0,865.0,859.0,855.0,851.0,849.0,847.0,844.0,836.0,833.0,830.0,826.0,822.0,815.0,813.0,808.0,803.0,800.0,799.6,796.6,794.0,793.0,790.7,790.2,790.1
45,"China, mainland",342350.0,345100.0,347950.0,350800.0,354600.0,358200.0,361800.0,365400.0,370000.0,374600.0,379250.0,383870.0,389480.0,396100.0,400710.0,406603.3333,412496.6667,418470.0,423037.5,427604.0,432909.0,442518.0,452928.0,464537.0,476347.0,482456.0,487766.0,493375.0,499485.0,505694.0,511379.0,514314.0,518223.0,522833.0,522833.0,522872.0,522872.25,522872.5,522872.75,522873.0,523466.8444,524060.6889,524654.5333,525248.3778,525842.2222,526436.0667,527029.9111,527623.7556,528217.6,528098.3,528071.6,527991.4,527996.4,527890.3,527831.7,527753.9,527714.0,527714.0,527714.0,527714.0
46,Colombia,39970.0,40972.0,41493.0,41995.0,43008.0,43020.0,43023.0,43025.0,43030.0,43030.0,45054.0,45068.0,45084.0,45099.0,45115.0,45130.0,45315.0,45261.0,45277.0,45292.0,45308.0,45323.0,45339.0,45356.0,45375.0,45395.0,45401.0,45283.0,45183.0,45083.0,44884.0,44983.0,44903.0,44865.0,44513.0,44920.0,45082.0,45543.0,45668.0,44859.0,41745.0,41607.0,42051.0,42391.0,42557.0,42174.0,42436.0,42614.0,42540.0,42503.0,42115.0,42617.6,45466.2,44784.7,44753.9,44723.0,49499.0,49492.0,49609.0,48242.8225
47,Comoros,95.0,95.0,95.0,95.0,95.0,95.0,95.0,95.0,95.0,95.0,95.0,95.0,95.0,95.0,95.0,95.0,95.0,100.0,100.0,100.0,100.0,100.0,100.0,110.0,110.0,110.0,113.0,114.0,114.0,114.0,114.0,115.0,115.0,120.0,122.0,124.0,126.0,130.0,132.0,133.0,135.0,135.0,135.0,135.0,133.0,133.0,133.0,133.0,133.0,133.0,133.0,133.0,133.0,133.0,133.0,132.0,131.0,131.0,131.0,131.0
48,Congo,10540.0,10540.0,10542.0,10543.0,10543.0,10543.0,10543.0,10543.0,10544.0,10548.0,10548.0,10550.0,10554.0,10558.0,10562.0,10568.0,10565.0,10520.0,10522.0,10525.0,10528.0,10554.0,10558.0,10562.0,10568.0,10565.0,10540.0,10542.0,10544.0,10521.0,10523.0,10525.0,10530.0,10518.0,10520.0,10522.0,10536.0,10538.0,10544.0,10540.0,10540.0,10540.0,10540.0,10545.0,10547.0,10550.0,10550.0,10550.0,10563.0,10576.0,10596.0,10602.0,10627.0,10627.0,10627.0,10627.0,10628.0,10628.0,10628.0,10628.0
49,Cook Islands,6.0,6.0,6.0,6.0,6.0,6.0,6.0,6.0,6.0,6.0,6.0,6.0,6.0,6.0,6.0,6.0,6.0,6.0,6.0,6.0,6.0,6.0,6.0,6.0,6.0,6.0,6.0,6.0,6.0,6.0,6.0,5.0,5.0,5.0,5.0,5.0,5.0,5.0,5.0,4.8,4.69,3.58,3.3,3.02,2.74,2.46,2.18,1.9,1.62,1.34,1.05,1.5,1.5,1.5,1.5,1.5,1.5,1.5,1.5,1.5
50,Costa Rica,1395.0,1410.0,1420.0,1485.0,1555.0,1635.0,1636.0,1716.0,1790.0,1856.0,1887.0,1887.0,2048.0,2048.0,2122.0,2205.0,2287.0,2360.0,2443.0,2516.0,2599.0,2679.0,2682.0,2748.0,2681.0,2612.0,2539.0,2463.0,2378.0,2198.6,2203.618,2160.0,2113.0,2095.0,2048.0,1995.0,1953.0,1915.0,1888.0,1840.0,1833.0,1826.0,1829.0,1822.0,1805.0,1815.0,1800.0,1793.0,1816.0,1819.0,1819.0,1812.0,1801.0,1778.0,1777.5,1777.5,1779.5,1782.5,1775.5,1761.5
51,Croatia,0.0,0.0,0.0,0.0,0.0,0.0,0.0,0.0,0.0,0.0,0.0,0.0,0.0,0.0,0.0,0.0,0.0,0.0,0.0,0.0,0.0,0.0,0.0,0.0,0.0,0.0,0.0,0.0,0.0,0.0,0.0,2404.0,2272.0,2312.0,2332.0,1935.0,1941.0,2048.0,2032.0,1169.0,1178.0,1181.0,1196.0,1187.0,1211.0,1234.0,1206.6,1289.1,1304.6,1348.3,1326.1,1331.0,1580.7,1688.0,1688.0,1703.7,1688.0,1688.0,1688.0,1664.1
52,Cuba,3550.0,3805.0,4038.0,4755.0,4548.0,4510.0,4621.0,4727.0,4745.0,5022.0,5073.0,5581.0,5851.0,5631.0,5810.0,5997.0,6038.0,5948.0,5862.0,5937.0,5938.0,6083.0,6179.0,6142.0,6222.0,6451.0,6726.0,6788.0,6772.0,6741.0,6755.0,6775.0,6730.0,6686.0,6684.0,6615.0,6687.0,6674.0,6660.0,6554.0,6656.0,6654.0,6638.0,6528.0,6637.0,6630.0,6620.0,6567.0,6513.8,6461.2,6407.8,6405.6,6342.3,6278.88,6240.3,6226.7,6300.0,6300.0,6401.0,6401.0
53,Cyprus,404.0,402.0,405.0,403.0,402.0,400.0,401.0,401.0,399.0,398.0,396.0,394.0,394.2,287.0,180.3,177.9,176.1,174.3,172.5,171.5,175.9,182.0,183.0,182.0,162.8,163.2,162.4,161.4,161.4,160.6,159.2,159.6,158.7,143.4,143.1,143.2,142.2,144.2,144.2,141.5,175.0,175.0,190.0,190.0,202.0,190.0,177.0,140.0,156.2,139.5,141.2,141.4,132.43,132.57999999999998,152.48000000000002,133.184,121.7652,132.2197,125.49,161.3943
54,Czechia,0.0,0.0,0.0,0.0,0.0,0.0,0.0,0.0,0.0,0.0,0.0,0.0,0.0,0.0,0.0,0.0,0.0,0.0,0.0,0.0,0.0,0.0,0.0,0.0,0.0,0.0,0.0,0.0,0.0,0.0,0.0,0.0,4282.0,4284.0,4280.0,4280.0,4280.0,4284.0,4282.0,4280.0,4278.0,3652.06,3685.32,3631.39,3622.49,3565.95,3616.7,3581.61,3556.87,3542.92,3524.04,3545.89,3539.0,3534.0,3512.0,3513.0,3546.0,3548.0,3548.659,3545.871
55,Czechoslovakia,7277.0,7237.0,7213.0,7188.0,7160.0,7144.0,7132.0,7117.0,7103.0,7093.0,7077.0,7071.0,7060.0,7042.0,7004.0,6990.0,6976.0,6952.0,6924.0,6851.0,6843.0,6840.0,6835.0,6826.0,6794.0,6786.0,6778.0,6765.0,6749.0,6736.0,6723.0,6730.0,0.0,0.0,0.0,0.0,0.0,0.0,0.0,0.0,0.0,0.0,0.0,0.0,0.0,0.0,0.0,0.0,0.0,0.0,0.0,0.0,0.0,0.0,0.0,0.0,0.0,0.0,0.0,0.0
56,CÃ´te d'Ivoire,15680.0,15880.0,15880.0,15980.0,16080.0,16080.0,16150.0,16150.0,16200.0,16200.0,16300.0,16310.0,16440.0,16625.0,16715.0,16840.0,17080.0,17210.0,17225.0,17255.0,17370.0,17490.0,17584.0,17901.0,18180.0,18280.0,18400.0,18720.0,18820.0,18930.0,18950.0,19200.0,19502.0,19700.0,19800.0,19800.0,19700.0,19700.0,19600.0,19600.0,19600.0,19600.0,19600.0,20000.0,20200.0,20300.0,20600.0,20600.0,20600.0,20600.0,20600.0,20700.0,21200.0,21200.0,21200.0,21200.0,21200.0,21200.0,21200.0,21200.0
57,Democratic People's Republic of Korea,2380.0,2380.0,2380.0,2380.0,2380.0,2380.0,2380.0,2380.0,2380.0,2380.0,2380.0,2380.0,2430.0,2430.0,2430.0,2430.0,2430.0,2430.0,2430.0,2515.0,2515.0,2515.0,2515.0,2515.0,2515.0,2515.0,2515.0,2515.0,2515.0,2518.0,2530.0,2530.0,2550.0,2650.0,2650.0,2550.0,2550.0,2550.0,2550.0,2550.0,2550.0,2550.0,2550.0,2550.0,2600.0,2600.0,2600.0,2650.0,2670.0,2680.0,2630.0,2630.0,2630.0,2630.0,2630.0,2620.0,2605.0,2593.0,2590.0,2590.0
58,Democratic Republic of the Congo,25050.0,25070.0,25100.0,25130.0,25150.0,25170.0,25200.0,25250.0,25300.0,25350.0,25400.0,25450.0,25500.0,25550.0,25550.0,25600.0,25630.0,25650.0,25650.0,25700.0,25750.0,25770.0,25800.0,25850.0,25900.0,25950.0,25950.0,25950.0,25950.0,25960.0,25980.0,26000.0,26000.0,26000.0,25800.0,25800.0,25700.0,25700.0,25600.0,25600.0,25550.0,25550.0,25550.0,25550.0,25550.0,25586.0,25650.0,25700.0,26887.0,28429.0,29636.0,30886.0,31430.0,32249.0,32450.0,32672.0,33276.0,33544.0,33730.0,33572.0
59,Denmark,3160.0,3141.0,3088.0,3068.0,3033.0,3027.0,3023.0,3017.0,2991.0,2975.0,2951.0,2956.0,2986.0,2932.0,2937.0,2933.0,2927.0,2921.0,2920.0,2905.0,2897.0,2887.0,2846.0,2855.0,2834.0,2819.0,2798.0,2787.0,2774.0,2788.0,2770.0,2756.0,2739.0,2691.0,2726.0,2716.0,2688.0,2672.0,2644.0,2647.0,2880.0,2869.0,2859.5,2850.0,2969.0,2972.0,2917.0,2922.0,2888.0,2945.0,2690.0,2624.0,2870.42,2653.001,2926.339,2989.49,3063.7,3090.88,3237.965,3091.987
60,Djibouti,1301.0,1301.0,1301.0,1301.0,1301.0,1301.0,1301.0,1301.0,1301.0,1301.0,1301.0,1301.0,1301.0,1301.0,1301.0,1301.0,1301.0,1301.0,1301.0,1301.0,1301.0,1301.0,1301.0,1301.0,1301.0,1301.0,1301.0,1301.0,1301.0,1299.0,1336.0,1371.0,1401.0,1401.0,1451.0,1481.0,1501.0,1501.0,1551.0,1601.0,1681.0,1701.0,1701.0,1701.0,1701.0,1701.3,1701.5,1701.2,1701.3,1701.6,1702.0,1702.0,1702.0,1702.0,1702.0,1702.0,1702.0,1702.0,1702.0,1702.0
61,Dominica,17.0,18.0,17.0,17.0,18.0,19.0,19.0,19.0,19.0,19.0,19.0,19.0,19.0,19.0,19.0,19.0,19.0,19.0,19.0,19.0,19.0,19.0,19.0,19.0,19.0,19.0,19.0,18.0,18.0,18.0,18.0,18.0,18.0,18.0,17.0,17.0,17.0,17.0,19.0,21.0,22.0,22.0,22.0,22.0,22.0,22.0,22.0,22.0,23.0,25.0,25.0,25.0,25.0,25.0,25.0,25.0,25.0,25.0,25.0,25.0
62,Dominican Republic,2190.0,2205.0,2220.0,2235.0,2250.0,2265.0,2280.0,2290.0,2330.0,2335.0,2344.0,2370.0,2405.0,2425.0,2455.0,2510.0,2540.0,2565.0,2590.0,2620.0,2625.0,2630.0,2630.0,2630.0,2630.0,2637.0,2637.0,2637.0,2641.0,2546.0,2546.0,2546.0,2546.0,2546.0,2576.0,2575.0,2500.0,2510.0,2467.0,2515.0,2738.89,2714.22,2624.3,2633.2,2657.2,2639.2,2632.0,2609.2,2612.0,2604.5,2605.4,2352.0,2352.0,2352.0,2429.0,2429.0,2429.0,2727.0795,2429.0,2429.0
63,Ecuador,4710.0,4710.0,4720.0,4720.0,4730.0,4730.0,4740.0,4735.0,4795.0,4855.0,4915.0,4975.0,5035.0,5168.0,5385.0,5555.0,5835.0,6005.0,6190.0,6478.0,6759.0,6960.0,7095.0,7255.0,7420.0,7580.0,7721.0,7726.0,7753.0,7846.0,7914.0,7953.0,7975.0,8129.0,8108.0,7987.0,8012.0,8027.0,8075.0,8066.0,7785.0,8133.0,7922.0,8244.0,8252.0,8205.0,8209.0,8203.0,9438.4,9381.7,9222.1,9402.9,9403.0,7297.0,7603.0,7312.0,7522.0,7180.0,7190.0,7420.0
64,Egypt,2568.0,2505.0,2490.0,2506.0,2672.0,2780.0,2801.0,2801.0,2835.0,2843.0,2852.0,2855.0,2855.0,2843.0,2825.0,2730.0,2635.0,2540.0,2447.0,2445.0,2468.0,2445.24,2434.74,2458.26,2497.0,2567.0,2547.0,2581.0,2571.0,2648.0,2643.0,2996.28,3015.18,3012.66,3283.0,3176.46,3244.92,3259.62,3483.0,3291.0,3338.0,3424.0,3409.0,3478.0,3523.0,3533.0,3538.0,3542.0,3689.0,3671.0,3620.0,3696.0,3730.97,3715.19,3789.8771,3733.7654,3836.9688,3863.0,3922.0,3971.0
65,El Salvador,1252.0,1252.0,1258.0,1258.0,1260.0,1250.0,1241.0,1239.0,1237.0,1235.0,1278.0,1281.0,1288.0,1298.0,1308.0,1300.0,1309.0,1350.0,1400.0,1410.0,1370.0,1341.0,1337.0,1347.0,1367.0,1387.0,1387.0,1407.0,1407.0,1353.12,1357.62,1362.12,1366.62,1371.12,1375.62,1388.0,1384.62,1389.12,1481.0,1375.22,1361.1,1342.0,1356.4,1377.0,1311.8,1307.4,1319.2,1313.3,1307.9,1284.5,1274.3999999999999,1269.4,1261.3,1253.3000000000002,1223.0,1266.5,1205.2,1240.3,1246.5,1250.5
66,Equatorial Guinea,212.85,217.85,222.85,223.85,223.85,227.85,227.85,227.85,227.85,227.85,232.85,232.85,232.85,232.85,232.85,232.85,232.85,232.85,232.85,232.85,232.85,232.85,232.85,232.85,232.85,232.85,232.85,232.85,232.85,232.85,230.85,228.85,226.85,224.85,222.85,220.85,218.85,216.85,214.85,212.85,210.85,208.85,206.85,204.85,202.98,201.68,194.38,194.08,193.78,193.48,193.18,192.88,192.58,192.28,191.98,191.68,191.38,191.08,190.78,188.52
67,Eritrea,0.0,0.0,0.0,0.0,0.0,0.0,0.0,0.0,0.0,0.0,0.0,0.0,0.0,0.0,0.0,0.0,0.0,0.0,0.0,0.0,0.0,0.0,0.0,0.0,0.0,0.0,0.0,0.0,0.0,0.0,0.0,0.0,7400.0,7406.0,7407.0,7338.0,7360.0,7467.0,7467.0,7530.0,7532.0,7532.0,7567.0,7500.0,7522.0,7572.0,7572.0,7572.0,7592.0,7592.0,7592.0,7592.0,7592.0,7592.0,7592.0,7592.0,7592.0,7592.0,7592.0,7592.0
68,Estonia,0.0,0.0,0.0,0.0,0.0,0.0,0.0,0.0,0.0,0.0,0.0,0.0,0.0,0.0,0.0,0.0,0.0,0.0,0.0,0.0,0.0,0.0,0.0,0.0,0.0,0.0,0.0,0.0,0.0,0.0,0.0,1374.0,1320.0,1101.0,991.0,1005.0,1023.0,1043.0,1001.0,986.0,890.0,698.2,828.7,770.4,882.5,898.5,914.6,906.8,931.8,949.0999999999999,946.0,955.9,965.3,974.0,993.0,1005.0,1002.0,1004.0,988.4,985.0
69,Eswatini,1468.0,1478.0,1474.0,1477.0,1484.0,1493.0,1497.0,1498.0,1494.0,1494.0,1494.0,1513.0,1513.0,1482.0,1313.0,1371.0,1393.0,1393.0,1340.0,1291.0,1284.0,1286.0,1288.0,1269.0,1284.0,1329.0,1307.0,1285.0,1264.0,1238.0,1227.0,1223.0,1222.0,1222.0,1222.0,1222.0,1223.0,1223.0,1223.0,1223.0,1224.0,1268.84,1224.0,1224.0,1224.0,1224.0,1224.0,1224.0,1222.0,1222.0,1222.0,1222.0,1222.0,1222.0,1222.0,1222.0,1222.0,1222.0,1222.0,1222.0
70,Ethiopia,0.0,0.0,0.0,0.0,0.0,0.0,0.0,0.0,0.0,0.0,0.0,0.0,0.0,0.0,0.0,0.0,0.0,0.0,0.0,0.0,0.0,0.0,0.0,0.0,0.0,0.0,0.0,0.0,0.0,0.0,0.0,0.0,30540.0,30472.0,30500.0,30500.0,30492.0,30508.0,30676.0,30662.0,30704.4,30597.0,31727.6,33222.5,33737.9,34353.5,35256.8,34677.37,35139.4,35865.0,36489.799999999996,36488.0,36699.0,36910.0,37121.0,37332.0,38230.8439,38691.6496,38189.55,38657.494999999995
71,Ethiopia PDR,57836.0,58249.0,58380.0,58330.0,58675.0,58770.0,58850.0,58970.0,59200.0,59150.0,59340.0,59530.0,59480.0,59430.0,59380.0,59330.0,59310.0,59289.0,59277.0,59115.0,58860.0,58605.0,58348.0,57890.0,57690.0,57385.0,57030.0,56775.0,56520.0,56312.0,56158.0,56105.0,0.0,0.0,0.0,0.0,0.0,0.0,0.0,0.0,0.0,0.0,0.0,0.0,0.0,0.0,0.0,0.0,0.0,0.0,0.0,0.0,0.0,0.0,0.0,0.0,0.0,0.0,0.0,0.0
73,Faroe Islands,96.532,96.532,96.532,96.532,96.532,96.532,96.532,96.532,96.532,96.532,96.532,96.532,96.532,96.532,96.532,96.532,96.532,96.532,96.532,96.532,96.532,96.532,96.532,96.532,96.532,96.532,96.532,96.532,96.532,96.532,96.532,96.532,96.532,96.532,96.524,96.501,96.501,96.493,96.493,96.493,96.493,96.539,96.539,96.539,96.539,96.539,96.539,96.539,96.41,96.395,96.403,96.403,96.403,96.418,96.418,96.35,96.35,96.335,96.335,96.0702
74,Fiji,227.0,227.0,228.0,228.0,223.0,223.0,221.0,219.0,221.0,221.0,221.0,230.0,235.0,240.0,245.0,260.0,270.0,280.0,285.0,290.0,300.0,310.0,320.0,330.0,345.0,350.0,365.0,380.0,395.0,410.0,424.0,418.2,412.4,406.6,400.8,395.0,389.2,383.4,377.6,371.8,366.0,360.2,354.4,348.6,342.8,337.0,331.2,325.4,319.8,319.1,318.4,317.7,317.0,316.3,315.6,314.9,314.2,313.5,312.8,311.6
75,Finland,2765.7,2785.1,2806.5,2825.6,2841.5,2859.4,2873.4,2886.1,2765.5,2724.2,2703.7,2613.7,2582.1,2605.4,2613.8,2611.9,2597.6,2585.1,2567.5,2536.0,2516.7,2487.7,2450.4,2425.7,2408.4,2393.4,2408.0,2373.2,2385.8,2393.0,2424.8,2406.5,2383.7,2411.9,2244.0,2218.0,2150.0,2192.0,2201.4,2218.0,2222.0,2236.0,2246.0,2253.0,2273.8,2300.8,2294.9,2296.4,2296.5,2306.92,2286.6,2285.1,2268.0,2276.1,2281.4,2283.0,2270.0,2272.0,2274.0,2270.0
76,France,34539.0,34440.0,34354.0,34109.0,34001.0,33846.0,33629.0,33178.0,33173.0,32495.0,32623.0,32515.0,32460.0,32442.0,32357.0,32021.0,31910.0,31961.0,31834.0,31722.0,31687.0,31646.0,31565.0,31508.0,31442.0,31395.0,31353.0,30830.0,30740.9,30592.8,30484.9,30384.3,30291.3,30204.9,30150.2,30096.3,30039.6,29980.0,29929.1,29807.4,29713.3,29610.7,29534.6,29458.4,31086.800000000003,29312.7,30717.8,29110.1,29019.9,30509.899999999998,28878.6,28844.8,30197.3,28766.5,28726.9,28718.021,28697.499,28660.1,28621.186,28553.754
77,French Guyana,6.0,7.0,6.0,5.0,5.0,5.0,5.0,5.0,5.0,4.0,7.0,7.0,7.0,7.0,8.0,9.0,9.0,9.0,9.0,8.0,9.0,11.0,11.0,12.0,12.0,13.0,13.0,18.0,21.0,21.0,21.0,21.0,23.0,23.0,24.0,24.0,24.0,24.0,23.0,23.0,23.0,23.0,23.0,23.0,23.0,23.6,23.5,23.8,24.1,24.3,23.8,26.4,28.7,30.6,31.3,32.1,32.52,32.52,32.52,32.52
78,French Polynesia,44.0,44.0,44.0,44.0,44.0,44.0,44.0,44.0,44.0,44.0,44.0,44.0,44.0,44.0,44.0,44.0,44.0,44.0,44.0,44.0,44.0,44.0,44.0,44.0,44.0,44.0,43.0,43.0,43.0,43.0,43.0,43.0,43.0,43.0,43.0,43.0,43.0,43.0,43.0,43.0,43.0,45.0,45.0,45.0,45.0,45.0,45.0,45.0,44.5,44.5,45.5,45.5,45.5,45.5,45.5,45.5,46.5,47.5,47.5,47.5
79,Gabon,1677.38,1692.38,1707.38,1722.38,1737.38,1752.38,1767.38,1782.38,1797.38,1812.38,1832.38,1847.38,1867.38,1882.38,1901.38,1936.38,1959.38,1981.38,1983.38,1985.38,1987.38,1989.38,1991.38,1993.38,1995.38,1997.38,1999.38,2001.38,2003.38,2005.38,2011.542,2017.704,2023.866,2030.028,2036.19,2042.352,2048.514,2054.676,2060.838,2067.0,2072.059,2077.118,2082.177,2087.236,2092.295,2097.354,2102.413,2107.472,2112.531,2117.59,2129.472,2141.354,2153.236,2165.118,2177.0,2188.88,2200.76,2212.64,2212.64,2212.64
80,Gambia,524.0,525.0,526.0,527.0,528.0,529.0,531.0,531.0,533.0,534.0,537.0,542.0,547.0,574.0,568.0,567.0,574.0,581.0,570.0,563.0,585.0,606.0,587.0,573.0,573.0,582.0,589.0,604.0,586.0,586.0,592.0,558.0,557.0,557.0,557.0,557.0,557.0,552.0,552.0,552.0,540.0,517.0,507.0,515.0,527.0,495.0,495.0,552.0,603.0,615.0,615.0,605.0,605.0,605.0,605.0,605.0,605.0,605.0,605.0,605.0
81,Georgia,0.0,0.0,0.0,0.0,0.0,0.0,0.0,0.0,0.0,0.0,0.0,0.0,0.0,0.0,0.0,0.0,0.0,0.0,0.0,0.0,0.0,0.0,0.0,0.0,0.0,0.0,0.0,0.0,0.0,0.0,0.0,3229.0,3128.0,3097.0,3048.0,3035.0,3037.0,3045.0,2999.0,3000.0,3003.0,3004.0,3006.0,2492.0,2520.0,2618.0,2622.0,2615.0,2498.0,2460.0,2442.4,2435.0,2486.1,2460.0,2418.1,2394.0,2384.8,2374.2,2372.6,2377.9
82,Germany,19375.0,19393.0,19402.0,19458.0,19534.0,19531.0,19412.0,19285.0,19254.0,19023.0,18952.0,18949.0,18897.0,18821.0,18792.0,18758.0,18709.0,18659.0,18594.0,18519.0,18461.0,18396.0,18330.0,18284.0,18244.0,18208.0,18125.0,18097.0,18056.0,18032.0,17136.0,16951.0,17162.0,17308.0,17343.0,17337.0,17327.0,17373.0,17152.0,17068.0,17034.0,16967.0,17001.0,17013.0,17031.0,17180.6,16950.0,16921.0,17259.0,16700.0,16719.0,16664.0,17062.6,18333.0,18424.0,18793.8,18097.0,18295.0,18311.0,18820.5
83,Ghana,11700.0,11700.0,11700.0,11700.0,11700.0,11700.0,11700.0,11700.0,11700.0,11700.0,11700.0,11700.0,11700.0,11700.0,11800.0,11800.0,11900.0,12000.0,12000.0,12000.0,12000.0,12200.0,12200.0,12300.0,12400.0,12400.0,12400.0,12500.0,12500.0,12605.0,12720.0,12720.0,12800.0,12900.0,13100.0,13300.0,13628.0,13286.66,13240.625,13094.59,13071.558,13037.526,12920.494,12742.462,12840.43,12734.398,12714.366,12590.334,12707.302,12774.27,12683.168,12712.066,12718.964,12735.862,12708.76,12663.36,12617.96,12607.14,12603.74,12616.74
84,Greece,8910.0,8902.0,9021.0,8991.0,8678.0,9090.0,9113.0,9143.0,9144.0,9155.0,9155.0,9160.0,9143.0,9141.0,9118.0,9115.0,9112.0,9175.0,9181.0,9180.0,9206.0,9206.0,9182.0,9209.0,9184.0,9180.0,9177.0,9179.0,9215.0,9222.0,9164.0,9167.0,9160.0,9170.0,9164.0,9172.0,8985.0,8782.0,8670.0,8529.0,8438.0,8343.0,9563.0,8080.0,9335.0,9329.0,9201.0,9083.0,8938.0,8861.0,8776.0,8660.0,8532.0,7462.0,7439.0,7350.0,7297.0181,7177.7248,7059.7554,5874.4279
86,Grenada,22.0,22.0,22.0,22.0,22.0,22.0,22.0,22.0,22.0,22.0,22.0,20.0,20.0,20.0,20.0,20.0,20.0,19.0,19.0,16.0,16.0,16.0,16.0,16.0,14.0,14.0,13.0,13.0,13.0,13.0,12.0,12.0,12.0,12.0,11.0,11.0,11.0,11.0,12.0,12.0,13.0,13.0,12.0,12.0,7.0,7.0,7.0,7.2,8.0,8.0,8.0,8.0,8.0,8.0,8.0,8.0,8.0,8.0,8.0,8.0
87,Guadeloupe,58.0,58.0,57.0,60.0,60.0,62.0,61.0,61.0,61.0,63.0,63.0,63.0,61.0,55.0,59.0,60.0,60.0,60.0,60.0,60.0,59.0,56.0,54.0,58.0,58.0,60.0,58.0,56.0,56.0,53.0,53.0,53.0,53.0,52.0,53.0,50.0,50.0,51.0,50.0,49.0,48.0,47.0,46.0,45.0,46.3,44.0,62.87,59.9,59.7,58.9,57.8,55.8,54.8,52.9,52.7,52.1,52.11,51.58,49.71,49.91
89,Guatemala,2646.0,2658.0,2670.0,2682.0,2694.0,2706.0,2728.0,2740.0,2742.0,2755.0,2767.0,2800.0,2843.0,2875.0,2888.0,2930.0,2993.0,3005.0,3016.0,3050.0,3067.0,3104.0,3119.0,3785.0,3785.0,3785.0,3785.0,4285.0,4285.0,4285.0,4285.0,4285.0,4482.0,4512.0,4512.0,4512.0,4574.43,4636.86,4699.29,4761.72,4824.15,4886.58,5261.1,4723.0,4562.0,4300.0,4414.0,4138.0,4043.54,3962.08,3890.62,3809.16,3720.7,3793.8,3856.0,3856.0,3856.0,3856.0,3856.0,3856.0
90,Guinea,14620.0,14619.0,14595.0,14571.0,14548.0,14524.0,14500.0,14476.0,14452.0,14429.0,14405.0,14381.0,14357.0,14334.0,14320.0,14296.0,14272.0,14248.0,14245.0,14221.0,14197.0,14173.0,14159.0,14136.0,14122.0,14098.0,14074.0,14081.0,14057.0,14141.0,14049.0,14055.0,14052.0,14048.0,14024.0,14035.0,14036.0,14067.0,14078.0,14079.0,14080.0,14185.9,14112.0,14123.0,14121.0,14130.0,14274.9,14240.0,14250.0,14300.0,14300.0,14494.9,14500.0,14500.0,14500.0,14500.0,14594.9,14500.0,14500.0,14500.0
91,Guinea-Bissau,489.67,489.67,489.67,489.67,489.67,489.67,499.67,499.67,499.67,499.67,499.67,499.67,504.67,509.67,509.67,509.67,510.67,510.67,511.67,514.67,521.67,534.67,544.67,571.67,579.67,546.67,541.67,531.67,568.67,578.67,582.45,582.45,602.45,612.45,620.895,629.34,637.785,646.23,654.675,663.12,671.565,680.01,688.455,696.9,705.345,713.79,722.235,730.68,739.125,747.57,756.014,764.458,772.902,781.346,789.79,798.23,806.67,815.11,815.11,815.11
92,Guyana,1359.0,1359.0,1359.0,1359.0,1359.0,1364.0,1364.0,1366.0,1366.0,1371.0,1371.0,1374.0,1376.0,1376.0,1378.0,1458.0,1542.0,1626.0,1715.0,1715.0,1715.0,1715.0,1725.0,1728.0,1728.0,1730.0,1730.0,1730.0,1732.0,1082.85,1086.643,1090.436,1094.229,1098.022,1101.815,1105.608,1109.401,1113.194,1116.987,1120.78,1125.221,1129.662,1261.603,1138.544,1142.985,1147.426,1151.867,1156.308,1160.749,1165.19,1176.88,1188.57,1200.26,1211.95,1223.64,1232.84,1242.05,1251.25,1241.25,1241.25
93,Haiti,1660.0,1665.0,1670.0,1675.0,1680.0,1685.0,1690.0,1695.0,1700.0,1705.0,1710.0,1584.0,1583.0,1583.0,1583.0,1585.0,1585.0,1595.0,1595.0,1600.0,1600.0,1600.0,1600.0,1600.0,1600.0,1600.0,1600.0,1599.0,1598.0,1597.0,1596.0,1575.0,1575.0,1595.0,1590.0,1590.0,1690.0,1690.0,1690.0,1690.0,1670.0,1670.0,1670.0,1670.0,1670.0,1670.0,1820.0,1770.0,1893.33,1870.0,1830.0,1770.0,1920.0,1840.0,1840.0,1840.0,1840.0,1840.0,1840.0,1840.0
94,Honduras,2980.0,2990.0,2995.0,3000.0,3005.0,3015.0,3025.0,3030.0,3030.0,3040.0,3045.0,3080.0,3090.0,3096.0,3135.0,3170.0,3245.0,3257.0,3257.0,3257.0,3264.0,3269.0,3270.0,3277.0,3278.0,3285.0,3285.0,3285.0,3371.0,3320.0,3342.0,3355.0,3548.0,3520.0,3480.0,3480.0,3395.0,3395.0,3337.0,2935.0,2936.0,3028.0,3153.0,3140.0,3231.63,3160.0,3160.0,3184.0,3200.0,3270.0,3313.0,3360.0,3372.0,3377.0,3377.0,3426.0,3490.0,3511.0,3511.0,3511.0
95,Hungary,7083.0,7012.0,6984.0,6979.0,6953.0,6927.0,6914.0,6903.0,6888.0,6875.0,6855.0,6846.0,6835.0,6782.0,6770.0,6757.0,6729.0,6698.0,6651.0,6627.0,6601.0,6582.0,6571.0,6554.0,6539.0,6523.0,6511.0,6497.0,6484.0,6474.0,6460.0,6136.0,6130.0,6122.0,6179.0,6184.0,6195.0,6193.0,6186.0,5854.0,5865.0,5849.0,6014.0,5983.92,5938.1,5886.92,5927.89,5870.04,5889.76,5387.9,5438.1,5462.8,5709.8,5664.32,5706.3,5657.7,5665.4,5681.849,5597.097,5017.0
96,Iceland,2120.0,2120.0,2120.0,2120.0,2120.0,2120.0,2120.0,2120.0,2120.0,2001.0,1991.0,1981.0,1971.0,1960.0,1950.0,1940.0,1931.0,1921.0,1911.0,1900.0,1900.0,1900.0,1900.0,1900.0,1900.0,1900.0,1900.0,1900.0,1900.0,1901.0,1901.0,1901.0,1900.0,1900.0,1899.0,1897.0,1895.0,1891.0,1889.0,1889.0,1889.0,1887.0,1885.0,1884.0,1882.0,1881.0,1876.0,1876.0,1875.0,1874.0,1873.2,1872.2,1872.2,1872.2,1872.0,1872.0,1872.0,1872.1,1872.1,1872.1
97,India,174952.0,176482.0,176154.0,176712.0,177177.0,177530.0,177807.0,178364.0,177792.0,178052.0,177817.0,177946.0,178751.0,179282.0,179694.0,179649.0,179591.0,180592.0,180580.0,180272.0,180401.0,180771.0,180462.0,181452.0,181340.0,181192.0,181543.0,181091.0,181501.0,181413.0,181586.0,181305.0,181382.0,181291.0,180945.0,180589.0,180981.0,180874.0,181021.0,180975.0,238617.0,237496.0,235646.0,237433.0,239332.0,240744.0,242365.0,242043.0,243707.0,241512.0,243271.0,244905.0,245801.0,247844.0,248058.0,246878.0,247884.6544,248593.25180000003,250598.8562,250598.9857
98,Indonesia,38600.0,38600.0,38550.0,38550.0,38500.0,38450.0,38450.0,38450.0,38400.0,38400.0,38350.0,38350.0,38300.0,38300.0,38256.0,38046.0,38046.0,38046.0,38000.0,38000.0,37950.0,37950.0,37900.0,37052.0,39679.0,41292.0,43485.0,44137.0,44435.0,45083.0,41524.0,41351.0,42016.0,41971.0,42978.0,42968.0,43527.0,43877.0,45877.0,47177.0,47700.0,48181.0,51006.0,53366.0,51846.0,51500.0,53000.0,54000.0,55600.0,55600.0,56500.0,56500.0,57000.0,57000.0,57300.0,60200.0,62300.0,62300.0,62300.0,62300.0
99,Iran (Islamic Republic of),59271.0,59290.0,59350.0,59410.0,59470.0,59480.0,59550.0,59600.0,59670.0,59700.0,60154.0,60800.0,61481.0,60960.0,60440.0,59950.0,59693.0,58867.0,59908.0,57713.0,58280.0,58867.0,59210.0,59540.0,60370.0,60700.0,61030.0,61871.0,61700.0,61500.0,62997.0,63787.0,64152.0,64157.0,64208.0,64427.0,63832.0,64787.0,63687.0,62884.0,63823.0,64044.0,64265.0,64486.0,47631.0,47852.0,48073.0,54841.0,54613.6,54405.200000000004,54196.799999999996,53988.4,53635.0,53573.4,53573.4,53573.4,54880.58,63313.92,63687.82,63836.22
100,Iraq,8800.0,8855.0,8910.0,8865.0,8920.0,8925.0,8980.0,8985.0,8990.0,8993.0,8999.0,9160.0,9170.0,9280.0,9285.0,9285.0,9285.0,9389.0,9439.0,9439.0,9439.0,9450.0,9450.0,9450.0,9465.0,9480.0,9480.0,9530.0,9230.0,9230.0,9630.0,9550.0,9870.0,9350.0,9100.0,9100.0,8660.0,8900.0,8750.0,8300.0,8490.0,8840.0,8690.0,8690.0,9390.0,8990.0,9140.0,8190.0,7850.0,8220.0,8550.0,8568.5,8863.75,9269.0,9250.0,9250.0,9250.0,9250.0,9250.0,9250.0
101,Ireland,5649.0,5649.0,5649.0,5649.0,5649.0,5649.0,5649.0,5649.0,5649.0,5649.0,5648.0,5648.0,5648.0,5648.0,5648.0,5648.0,5648.0,5648.0,5648.0,5648.0,5648.0,5648.0,5649.0,5649.0,5649.0,5649.0,5649.0,5649.0,5649.0,5649.0,4442.0,4413.0,4404.0,4390.0,4389.0,4341.0,4431.0,4416.0,4418.0,4412.0,4410.0,4373.0,4370.0,4305.0,4302.0,4260.0,4276.0,4629.0,4593.92,4568.0,4555.0,4533.0,4477.0,4466.0,4430.0,4461.0,4489.0,4516.0,4524.0,4512.0
103,Israel,511.0,505.0,522.0,525.0,514.0,525.0,525.0,521.0,523.0,525.0,527.0,527.0,537.0,545.0,540.0,530.0,531.0,533.0,533.0,533.0,538.0,540.0,553.0,564.0,575.0,579.0,577.0,576.0,575.0,579.0,578.0,577.0,577.0,579.0,573.0,564.0,563.0,562.0,559.0,566.0,738.0,737.0,551.0,513.5,514.5,690.3,673.6,515.6,670.9000000000001,668.9,517.0,526.2,686.1999999999999,744.6,740.7,858.0,883.6,859.8,852.9,862.3
104,Italy,20683.0,20652.0,20510.0,20462.0,20440.0,20405.0,20379.0,20355.0,20227.0,20180.0,17649.0,17508.0,17482.0,17502.0,17517.0,17529.0,17501.0,17589.0,17608.0,17562.0,17551.0,17536.0,17260.0,17244.0,17095.0,17042.0,17012.0,16839.0,16850.0,16840.0,16054.0,15978.0,15910.0,15702.0,15333.0,15349.0,15345.0,15484.0,15799.0,15637.0,17973.0,15273.0,17640.0,14883.0,17349.0,14203.0,16828.0,14457.2,13982.4,16738.8,13852.6,13729.0,16231.0,13162.0,12945.0,15365.0,12826.57,12451.0,13150.0,13029.0
105,Jamaica,533.0,535.0,535.0,533.0,507.0,517.0,517.0,517.0,517.0,507.0,507.0,507.0,507.0,507.0,507.0,507.0,507.0,507.0,497.0,497.0,497.0,487.0,477.0,477.0,477.0,477.0,477.0,477.0,477.0,476.0,476.0,476.0,503.0,500.0,497.0,494.0,489.0,484.0,482.0,479.0,479.0,474.0,474.0,472.0,467.0,467.0,464.0,449.0,449.0,474.7,444.0,444.0,444.0,444.0,444.0,444.0,444.0,444.0,444.0,444.0
106,Japan,7110.0,7120.0,7020.0,7030.0,7004.0,6896.0,6838.0,6797.0,6652.0,6696.0,6541.0,6484.0,6447.0,6415.0,6273.0,6236.0,6215.0,6194.0,6174.0,6061.0,6042.0,6026.0,6011.0,5996.0,5879.0,5858.0,5840.0,5817.0,5729.0,5693.0,5654.0,5615.0,5574.0,5533.0,5443.0,5399.0,5354.0,5310.0,5271.0,5258.0,6493.0,6446.0,6396.0,6411.0,6394.0,6355.0,6319.0,6252.0,6230.0,6218.0,6135.0,6128.0,6135.0,6091.0,4496.0,4471.0,4444.0,4420.0,4397.0,4372.0
107,Jordan,1084.0,1086.0,1087.0,1091.0,1092.0,1094.0,1097.0,1099.0,1100.0,1104.0,1105.0,1109.0,1110.0,1114.0,1115.0,1117.0,1118.0,1122.0,1125.0,1127.0,1117.6,1124.1,1138.0,1050.1,1117.8,1125.8,1156.0,1165.0,1149.8,1040.2,1010.4,1120.7,1090.0,1072.0,1114.0,1051.0,1061.0,1066.0,1067.0,1069.0,1095.0,1100.0,1076.0,1113.0,1093.0,1102.0,1035.3,1065.3,1119.8,1098.7,1098.9,1140.6000000000001,1160.0,1169.0,1159.8,1172.56,1093.5,1106.2,1116.56,1112.32
108,Kazakhstan,0.0,0.0,0.0,0.0,0.0,0.0,0.0,0.0,0.0,0.0,0.0,0.0,0.0,0.0,0.0,0.0,0.0,0.0,0.0,0.0,0.0,0.0,0.0,0.0,0.0,0.0,0.0,0.0,0.0,0.0,0.0,221463.0,221747.0,221651.0,217186.5,215473.6,215691.8,215329.8,215075.3,215393.3,214485.6,213468.9,213001.4,212670.5,212286.0,211876.5,211435.6,210851.4,210783.3,218426.8,216988.5,217012.1,216994.1,218501.3,217981.90000000002,217992.2,217989.1,217802.6,215753.69999999998,215813.1
109,Kenya,25200.0,25205.0,25210.0,25215.0,25220.0,25225.0,25230.0,25235.0,25240.0,25245.0,25250.0,25255.0,25260.0,25265.0,25572.0,25578.0,25580.0,25580.0,25580.0,25580.0,25580.0,25580.0,25580.0,25505.0,26354.0,26373.0,26435.0,26662.0,27053.0,26770.0,26877.0,27072.0,26840.0,27232.0,27218.0,26451.0,26594.0,26458.0,26876.0,26671.0,26839.0,26818.0,26874.0,26992.0,27002.0,27054.0,27070.0,27085.0,27285.0,27320.0,27630.0,27730.0,27630.0,27630.0,27630.0,27630.0,27630.0,27630.0,27630.0,27630.0
110,Kiribati,39.0,39.0,43.0,43.0,43.0,43.0,38.0,38.0,38.0,38.0,38.0,38.0,38.0,38.0,38.0,38.0,38.0,38.0,38.0,38.0,38.0,38.0,38.0,39.0,39.0,39.0,39.0,39.0,39.0,39.0,39.0,39.0,37.0,37.0,37.0,37.0,37.0,34.0,34.0,34.0,34.0,34.0,34.0,34.0,34.0,34.0,34.0,34.0,34.0,34.0,34.0,34.0,34.0,34.0,34.0,34.0,34.0,34.0,34.0,34.0
111,Kuwait,135.0,135.0,135.0,135.0,135.0,135.0,135.0,135.0,135.0,135.0,135.0,135.0,135.0,135.0,135.0,135.0,135.0,135.0,135.0,135.0,136.0,136.0,136.0,137.0,137.0,138.0,138.0,141.0,141.0,141.0,141.0,141.0,142.0,142.0,142.0,143.0,143.0,143.0,144.0,148.0,151.0,151.0,151.0,150.0,150.0,150.0,151.0,151.0,151.5,152.0,152.5,152.0,163.6,164.1,159.4,160.0,151.4,150.0,150.0,150.0
112,Kyrgyzstan,0.0,0.0,0.0,0.0,0.0,0.0,0.0,0.0,0.0,0.0,0.0,0.0,0.0,0.0,0.0,0.0,0.0,0.0,0.0,0.0,0.0,0.0,0.0,0.0,0.0,0.0,0.0,0.0,0.0,0.0,0.0,10088.0,10120.0,10329.0,10537.0,10641.0,10661.0,10690.0,10726.0,10714.0,11803.0,11803.0,11867.0,11793.0,11746.0,11730.0,11727.800000000001,11725.400000000001,11614.8,11609.9,11608.1,11591.099999999999,11559.6,11560.2,11559.400000000001,11544.7,11543.9,11374.699999999999,11372.6,11372.099999999999
113,Lao People's Democratic Republic,1550.0,1550.0,1500.0,1450.0,1450.0,1460.0,1460.0,1470.0,1472.0,1477.0,1482.0,1512.0,1532.0,1555.0,1568.0,1580.0,1590.0,1598.0,1605.0,1606.0,1609.0,1617.0,1620.0,1630.0,1635.0,1638.0,1640.0,1650.0,1652.0,1660.0,1662.0,1664.0,1665.0,1690.0,1700.0,1700.0,1756.0,1765.0,1773.0,1806.0,1841.0,2174.6,1911.0,1946.0,1985.0,2025.0,2333.71,2104.0,2168.0,2220.0,2536.5,2575.25,2619.0,2606.0,2333.0,2333.0,2695.9,2619.215,2545.6899999999996,2469.99
114,Latvia,0.0,0.0,0.0,0.0,0.0,0.0,0.0,0.0,0.0,0.0,0.0,0.0,0.0,0.0,0.0,0.0,0.0,0.0,0.0,0.0,0.0,0.0,0.0,0.0,0.0,0.0,0.0,0.0,0.0,0.0,0.0,2530.0,2514.0,2540.0,1832.0,1874.0,1772.0,1749.0,1617.0,1588.0,1581.0,1595.0,1582.0,1642.0,1734.0,1855.0,1839.62,1825.0,1833.0,1805.71,1816.0,1841.0,1877.41,1872.0,1884.5,1931.6,1933.0,1938.0,1960.0,1969.0
115,Lebanon,562.0,570.0,570.0,580.0,596.0,596.0,606.0,616.0,620.0,625.0,630.0,635.0,645.0,640.0,635.0,630.0,625.0,619.0,613.0,601.0,598.0,598.0,598.0,598.0,599.0,600.0,604.0,604.0,604.0,605.0,606.0,606.0,606.0,607.0,609.0,618.0,622.0,626.0,582.5,595.0,598.0,616.0,627.0,638.3,653.0,679.0,677.1,663.0,663.0,640.0,651.0,658.0,660.0,662.0,665.0,671.0,673.32,671.55,669.67,669.67
116,Lesotho,2581.0,2576.0,2576.0,2578.0,2578.0,2583.0,2583.0,2533.0,2478.0,2427.0,2364.0,2359.0,2359.0,2359.0,2376.0,2359.0,2292.0,2293.0,2309.0,2296.0,2302.0,2292.0,2287.0,2301.0,2308.0,2291.0,2330.0,2343.0,2305.0,2321.0,2323.0,2336.0,2334.0,2329.0,2324.0,2326.0,2329.0,2329.0,2329.0,2334.0,2334.0,2304.0,2304.0,2314.0,2327.0,2307.0,2329.0,2362.8,2339.8,2326.8,2312.9,2286.4,2253.2999999999997,2276.3,2223.0,2356.0,2418.0,2433.3,2142.0,2600.0
117,Liberia,2583.0,2581.0,2581.0,2578.0,2578.0,2575.0,2575.0,2573.0,2573.0,2571.0,2571.0,2571.0,2571.0,2571.0,2571.0,2571.0,2576.0,2576.0,2576.0,2576.0,2576.0,2580.0,2585.0,2586.0,2588.0,2597.0,2603.0,2600.0,2600.0,2493.0,1137.02,1167.28,1197.54,1227.8,1258.06,1288.32,1318.58,1348.84,1379.1,1409.36,1439.62,1469.88,1500.14,1530.4,1560.66,1590.92,1621.18,1651.44,1681.7,1711.96,1742.22,1772.48,1802.74,1833.0,1863.26,1893.52,1923.78,1954.04,1954.04,1954.04
118,Libya,11170.0,11383.0,11585.0,11793.0,11995.0,12203.0,12405.0,12615.0,12820.0,13025.0,13235.0,13438.0,13645.0,13848.0,14055.0,14258.0,14465.0,14673.0,14875.0,15080.0,15185.0,15292.0,15405.0,15415.0,15427.0,15435.0,15440.0,15440.0,15445.0,15455.0,15460.0,15465.0,15465.0,15475.0,15515.0,15666.0,15666.0,15450.0,15450.0,15450.0,15450.0,15450.0,15450.0,15385.0,15385.0,15385.0,15385.0,15385.0,15385.0,15351.0,15351.0,15355.0,15355.0,15350.0,15350.0,15350.0,15350.0,15350.0,15350.0,15350.0
120,Lithuania,0.0,0.0,0.0,0.0,0.0,0.0,0.0,0.0,0.0,0.0,0.0,0.0,0.0,0.0,0.0,0.0,0.0,0.0,0.0,0.0,0.0,0.0,0.0,0.0,0.0,0.0,0.0,0.0,0.0,0.0,0.0,3389.0,3333.0,3126.0,3410.0,3411.0,3417.0,3425.0,3496.0,3418.0,2896.0,2885.0,2541.0,2604.3,2837.23,2790.7,2696.9,2673.38,2690.3,2773.8,2805.9,2842.2,2893.0,2952.4,3005.9,2956.0,2935.3,2947.0,2975.0,2942.8
121,Luxembourg,0.0,0.0,0.0,0.0,0.0,0.0,0.0,0.0,0.0,0.0,0.0,0.0,0.0,0.0,0.0,0.0,0.0,0.0,0.0,0.0,0.0,0.0,0.0,0.0,0.0,0.0,0.0,0.0,0.0,0.0,0.0,0.0,0.0,0.0,0.0,0.0,0.0,0.0,0.0,128.0,128.0,128.0,128.0,128.0,129.0,129.0,131.0,131.0,130.7,131.04,131.27,131.42,130.88,130.99,131.27,130.653,131.16,131.561,131.596,132.1411
122,Madagascar,35145.0,35170.0,35195.0,35220.0,35245.0,35270.0,35295.0,35320.0,35350.0,35370.0,35390.0,35420.0,35440.0,35475.0,35759.0,35764.0,35929.0,36000.0,36020.0,36040.0,36075.0,36100.0,36135.0,36160.0,36195.0,36220.0,36240.0,36270.0,36295.0,36325.0,36350.0,36370.0,36490.0,36480.0,36480.0,36596.0,37490.0,38490.0,39500.0,40500.0,41733.0,41733.0,41733.0,41733.0,41783.0,41783.0,41783.0,40895.0,40895.0,40895.0,40895.0,40895.0,40895.0,40895.0,40895.0,40895.0,40895.0,40895.0,40895.0,40895.0
123,Malawi,3200.0,3300.0,3350.0,3400.0,3603.0,3653.0,3605.0,3707.0,3757.0,3707.0,3857.0,3907.0,3957.0,3960.0,3910.0,3912.0,3915.0,3968.0,3970.0,3830.0,3930.0,4030.0,3940.0,3990.0,4005.0,4105.0,4110.0,4115.0,4165.0,4218.0,4320.0,4270.0,4270.0,4070.0,4280.0,4380.0,4430.0,4580.0,4680.0,4730.0,4830.0,4830.0,4980.0,4980.0,5210.0,5313.0,5022.0,5464.0,5485.0,5685.0,5585.0,5585.0,5600.0,5650.0,5650.0,5650.0,5650.0,5650.0,5650.0,5650.0
124,Malaysia,3084.74,3150.95,3275.87,3338.02,3497.34,3508.13,3571.68,3700.3,3755.94,3885.01,3958.78,4080.03,4160.89,4221.47,4354.14,4439.62,4570.74,4730.0,4839.11,4917.0,5044.79,5107.79,5205.44,5216.12,5415.75,5719.9,6073.4,6383.8,6721.7,6756.6,6794.5,6806.5,6891.4,6990.9,6966.0,6961.1,6958.7,6944.7,6947.1,6938.7,6947.0,7037.5,7116.24,7131.7,7134.41,7075.2,7107.2,7150.4,7220.0,7389.3,7530.6,7829.2,8947.3,8533.0,9453.97,9455.0,9455.0,9470.5034,9470.5,9470.5
125,Maldives,5.0,5.0,5.0,5.0,5.0,5.0,5.0,5.0,5.0,5.0,6.0,6.0,7.0,7.0,7.0,7.0,7.0,7.0,7.0,7.0,7.0,8.0,8.0,8.0,8.0,8.0,8.0,8.0,8.0,8.0,8.0,8.0,8.0,8.0,8.0,8.0,8.0,8.0,8.0,9.0,10.0,12.0,12.0,11.0,9.0,7.0,7.0,7.0,7.0,6.9,6.9,6.4,6.4,6.4,6.4,6.4,6.4,6.4,6.4,6.4
126,Mali,31698.0,31703.0,31708.0,31713.0,31718.0,31722.0,31728.0,31728.0,31728.0,31778.0,31778.0,31778.0,31778.0,31828.0,31878.0,32077.0,32075.0,32075.0,32080.0,32080.0,32083.0,32083.0,32083.0,32083.0,32103.0,32106.0,32106.0,32123.0,32123.0,32128.0,32138.0,32240.0,33140.0,35250.0,35419.0,36650.0,37650.0,37650.0,37650.0,38600.0,39274.0,39684.0,40726.0,39791.0,40392.0,40466.0,40597.0,40551.0,41045.4,41051.0,41651.0,41651.0,41201.0,41201.0,41201.0,41201.0,41201.0,41201.0,41201.0,41201.0
127,Malta,18.0,17.0,16.0,15.0,14.0,14.0,14.0,14.0,14.0,14.0,14.0,14.0,14.0,14.0,13.0,13.0,14.0,14.0,14.0,13.0,13.0,13.0,13.0,13.0,13.0,13.0,13.0,13.0,13.0,13.0,13.0,13.0,13.0,13.0,11.0,11.0,10.0,9.0,9.0,9.0,10.0,10.0,12.5,10.0,11.700000000000001,9.3,12.100000000000001,12.100000000000001,12.100000000000001,13.83,13.83,13.8,13.93,13.93,13.93,13.88,13.88,13.88,13.88,13.88
129,Martinique,34.0,34.0,34.0,34.0,34.0,35.0,38.0,38.0,38.0,38.0,38.0,38.0,36.0,36.0,36.0,36.0,34.0,34.0,39.0,39.0,38.0,38.0,40.0,40.0,42.0,39.0,41.0,40.0,38.0,39.0,36.0,35.0,31.0,34.0,32.0,33.0,33.0,34.0,34.0,33.0,33.0,33.0,32.0,30.0,33.0,28.0,42.8,37.7,37.4,37.4,36.8,36.8,36.8,31.6,31.5,30.9,29.95,31.33,31.3,31.3
130,Mauritania,39522.0,39522.0,39523.0,39523.0,39523.0,39523.0,39523.0,39523.0,39533.0,39533.0,39493.0,39493.0,39480.0,39450.0,39446.0,39449.0,39450.0,39446.0,39449.0,39464.0,39484.0,39504.0,39524.0,39535.0,39555.0,39575.0,39595.0,39615.0,39635.0,39656.0,39666.0,39678.0,39690.0,39730.0,39760.0,39750.0,39750.0,39750.0,39750.0,39750.0,39712.0,39662.0,39662.0,39683.84,39661.0,39661.0,39661.0,39661.0,39651.0,39711.0,39661.0,39661.0,39661.0,39661.0,39661.0,39661.0,39661.0,39661.0,39661.0,39661.0
131,Mauritius,99.0,100.0,100.0,100.0,101.0,99.0,105.0,111.0,111.0,112.0,112.0,113.0,113.0,113.0,113.0,114.0,114.0,114.0,114.0,114.0,114.0,114.0,114.0,114.0,114.0,114.0,114.0,113.0,112.0,111.0,110.0,109.0,107.0,105.0,104.0,103.0,102.0,102.0,100.0,101.0,102.0,121.0,121.0,119.0,117.0,115.0,113.0,112.0,112.0,111.0,109.0,106.0,105.0,103.0,102.6,102.8,102.5,103.4,101.6,101.8
133,Mexico,98316.0,98179.0,98109.0,98049.0,97979.0,97914.0,97839.0,97769.0,97709.0,97635.0,96938.0,97150.0,97400.0,97551.0,97551.0,97551.0,97601.0,98198.0,97998.0,98180.0,98210.0,98315.0,101020.0,101031.0,101435.0,101441.0,102550.0,103051.0,104050.0,105151.0,106154.0,106177.0,106180.0,106190.0,106195.0,106310.0,106310.0,106325.0,106326.0,106330.0,106550.0,106550.0,108582.0,108651.0,111957.0,111970.0,112011.0,108968.0,108308.0,107721.0,107791.0,106233.0,105280.0,104617.0,98680.0,98338.0,96946.0,96516.0,102142.0,103200.0
134,Micronesia (Federated States of),0.0,0.0,0.0,0.0,0.0,0.0,0.0,0.0,0.0,0.0,0.0,0.0,0.0,0.0,0.0,0.0,0.0,0.0,0.0,0.0,0.0,0.0,0.0,0.0,0.0,0.0,0.0,0.0,0.0,0.0,22.5,22.5,22.5,22.5,22.5,22.5,22.5,22.5,22.5,22.5,22.5,22.5,22.5,22.5,22.5,22.5,22.5,22.5,22.0,22.0,22.0,22.0,22.0,22.0,22.0,22.0,22.0,22.0,22.0,22.0
135,Mongolia,140683.0,140683.0,140683.0,140681.0,140683.0,140683.0,140683.0,140683.0,140652.0,140684.0,140683.0,140683.0,140683.0,140683.0,140683.0,125552.0,125975.0,125917.0,124713.0,124587.0,124519.0,124525.0,124976.0,124607.0,124587.0,124531.0,124889.0,125234.0,125532.0,125656.0,126130.0,123590.0,119124.0,118469.0,118469.0,118469.0,128891.0,129132.0,130282.0,130470.0,130129.5,130118.0,114271.4,114152.7,113927.8,114727.3,114680.0,114507.0,114270.0562,114210.03,114187.8,114067.9033,114101.69,113758.8,113829.15999999999,113742.81,113655.75,113622.4,113571.6,112907.6047
136,Montenegro,0.0,0.0,0.0,0.0,0.0,0.0,0.0,0.0,0.0,0.0,0.0,0.0,0.0,0.0,0.0,0.0,0.0,0.0,0.0,0.0,0.0,0.0,0.0,0.0,0.0,0.0,0.0,0.0,0.0,0.0,0.0,0.0,0.0,0.0,0.0,0.0,0.0,0.0,0.0,0.0,0.0,0.0,0.0,0.0,0.0,515.0,514.0,513.0,514.0,512.0,513.0,513.0,223.13,230.32,231.4,255.7,256.3,256.8,257.0,257.95
138,Morocco,23370.0,23580.0,23850.0,24110.0,24420.0,24738.0,24938.0,25238.0,25429.0,25705.0,26812.0,26170.0,26425.0,26630.0,26917.0,27150.0,27500.0,27918.0,28004.0,28930.0,29090.0,29177.0,29273.0,29384.0,29398.0,29497.0,29666.0,29744.0,30064.0,30343.0,30355.0,30616.0,30711.0,30964.0,30749.0,30966.0,30895.0,30976.0,30693.0,30652.0,30370.0,30283.0,30876.0,31332.0,31280.0,31107.9,31184.2,31298.0,31373.1,31352.2,31490.3,30403.0,30585.0,30082.5,30047.0,34307.5,34679.4482,34024.1072,33228.807,30469.9
139,Mozambique,34229.0,34240.0,34250.0,34258.0,34268.0,34274.0,34300.0,34400.0,34504.0,34589.0,34589.0,34608.0,34660.0,34660.0,34680.0,34680.0,34680.0,34680.0,34680.0,34680.0,34730.0,34810.0,34810.0,34910.0,34960.0,35010.0,35110.0,35160.0,35210.0,35260.0,35479.0,35698.0,35917.0,36136.0,36355.0,36574.0,36793.0,37012.0,37231.0,37450.0,37711.646,37893.172,38114.758,38336.344,38557.93,38779.516,39001.102,39222.688,39444.274,39665.86,39872.288,40078.716,40285.144,40491.572,40698.0,41009.71,41231.4,41413.832,41413.832,41413.832
140,Myanmar,10430.0,10470.0,10507.0,10620.0,10583.0,10740.0,10767.0,10768.0,10767.0,10801.0,10805.0,10805.0,10322.0,10333.0,10347.0,10362.0,10356.0,10367.0,10377.0,10385.0,10421.0,10441.0,10438.0,10422.0,10429.0,10435.0,10422.0,10373.0,10395.0,10428.0,10416.0,10398.0,10446.0,10421.0,10450.0,10504.0,10519.0,10513.0,10609.0,10812.0,10939.0,10925.0,10982.0,11082.0,11263.0,11597.0,11984.0,12277.0,12441.0,12526.0,12558.0,12549.0,12587.0,12632.0,12748.9999,15569.758,16311.6,16373.3,16287.4,16436.0
141,Namibia,38642.0,38642.0,38642.0,38646.0,38646.0,38646.0,38649.0,38649.0,38649.0,38651.0,38653.0,38653.0,38653.0,38653.0,38653.0,38655.0,38655.0,38656.0,38656.0,38657.0,38657.0,38657.0,38662.0,38662.0,38662.0,38662.0,38662.0,38662.0,38662.0,38662.0,38662.0,38662.0,38700.0,38750.0,38820.0,38820.0,38820.0,38820.0,38820.0,38820.0,38820.0,38820.0,38820.0,38820.0,38820.0,38820.0,38808.0,38808.0,38808.0,38809.0,38809.0,38809.0,38809.0,38809.0,38809.0,38810.0,38810.0,38810.0,38810.0,38810.0
143,Nepal,3553.0,3553.0,3563.0,3553.0,3553.0,3553.0,3567.0,3567.0,3567.0,3702.0,3702.0,3822.0,3953.0,3994.0,4009.0,4025.0,4040.0,4055.0,4070.0,4085.0,4103.0,4106.6,4110.2,4113.8,4116.4,4132.0,4134.6,4138.2,4140.8,4144.4,4147.0,4158.2,4169.4,4180.6,4191.8,4203.0,4214.2,4225.4,4236.6,4249.1,4259.0,4241.0,4227.0,4218.0,4202.0,5216.0,5225.0,5226.0,5233.0,5353.0,4126.6,4121.0,4121.0,4121.0,4121.0,4121.0,4121.0,4121.0,4121.0,4121.0
144,Netherlands,2314.0,2303.0,2289.0,2268.0,2255.0,2245.0,2239.0,2227.0,2210.0,2193.0,2128.0,2114.0,2101.0,2094.0,2082.0,2073.0,2060.0,2046.0,2034.0,2020.0,2011.0,2005.0,2009.0,2016.0,2019.0,2015.0,2014.0,2012.0,2004.0,2006.0,1991.0,1986.0,1988.0,1971.0,1964.0,1981.0,1966.0,1973.0,1967.0,1958.1,1922.7,1940.1,1913.7,1949.4,2030.7,1919.6,2116.4,1929.3,1917.4,2009.3,1858.4,1841.7,1949.3999999999999,1839.1,1846.0,2016.0,1819.0,2077.2,2113.7,1814.45
146,New Caledonia,261.0,261.0,261.0,262.0,262.0,262.0,262.0,263.0,263.0,263.0,263.0,264.0,264.0,264.0,264.0,265.0,265.0,265.0,265.0,265.0,265.0,272.0,280.0,290.0,278.0,267.0,256.0,246.0,236.0,232.0,229.0,230.0,230.0,231.0,233.0,235.0,238.0,240.0,243.0,245.0,248.0,250.0,243.6,236.6,230.1,224.6,218.1,210.6,205.6,198.6,190.3,184.034,183.73,183.73,184.03,184.03,184.03,184.03,184.03,184.03
147,New Zealand,15777.0,15857.0,15893.0,15916.0,15852.0,15828.0,15844.0,15840.0,15683.0,15677.0,15670.0,16061.0,16022.0,15999.0,16379.0,16715.0,16611.0,16797.0,16684.0,16807.0,17332.0,16729.0,16730.0,16579.0,16446.0,16509.0,16470.0,16335.0,16256.0,16182.0,16119.0,15960.0,15919.0,15116.0,14975.0,14904.0,14903.0,14903.0,14903.0,15413.0,15418.0,12483.0,11858.0,11890.0,11712.0,11375.0,11996.0,11374.0,11490.0,11408.0,11371.0,11209.4,11106.0,11816.0,10712.0,10614.0,10644.0,10498.0,10345.0,10154.0
148,Nicaragua,3430.0,3430.0,3468.0,3488.0,3518.0,3580.0,3580.0,3580.0,3585.0,3585.0,3605.0,3610.0,3620.0,3630.0,3630.0,3630.0,3730.0,3735.0,3740.0,3745.0,3827.0,3829.0,3830.0,3883.0,3855.0,3857.0,3889.0,3940.0,3993.0,4025.0,4060.0,4120.0,4190.0,4220.0,4553.0,4654.0,4808.0,4913.0,5018.0,5141.0,5175.0,5278.0,5336.0,5237.0,5306.0,5200.0,5185.0,5120.0,5105.0,5026.0,5070.9,5103.0,5065.0,5065.0,5065.0,5065.0,5065.0,5065.0,5065.0,5065.0
149,Niger,31500.0,31500.0,31500.0,31500.0,31500.0,31500.0,31500.0,32177.0,32176.0,31200.0,31230.0,31177.0,30814.0,29780.0,29780.0,29780.0,29780.0,29780.0,29958.0,30720.0,30280.0,30360.0,31010.0,30780.0,30780.0,31280.0,31012.0,31300.0,31405.0,33047.0,34105.0,35000.0,35000.0,35000.0,36000.0,36000.0,36000.0,36000.0,37000.0,37000.0,38000.0,38065.4,38412.0,38472.0,42965.0,42989.0,43856.5,43782.0,43868.2,43982.0,44482.0,44869.87,45682.0,45682.0,45697.0,46397.0,46914.666,46962.7364,47010.0704,47130.2004
150,Nigeria,53176.51,53900.0,56016.91,56971.07,59070.13,58791.5,58212.87,58171.95,63814.03,61030.47,59477.56,55150.0,60300.0,56150.0,55150.0,55150.0,50493.0,48955.0,48234.0,50438.0,47219.0,48403.0,48693.0,52606.0,54924.0,60001.0,60341.0,60788.0,61182.0,61586.0,63929.0,64447.0,65040.825,65204.13,65367.435,65530.74,65694.045,65857.35,66020.655,66183.96,66347.266,66730.722,66673.878,66837.184,67000.49,67163.796,67545.902,67490.408,67653.714,67817.02,67980.326,68362.432,68306.938,68470.244,68633.55,68796.8521,69178.95,69123.45,69286.75,69450.05
151,Niue,3.0,3.0,3.0,3.0,3.0,3.0,3.0,3.0,4.0,4.0,4.0,4.0,4.0,5.0,5.0,5.0,5.0,4.8,4.8,4.8,4.8,4.8,4.8,4.8,4.8,4.8,4.8,4.8,4.8,4.8,4.8,4.8,4.8,4.8,4.8,4.8,4.8,4.8,4.8,4.8,4.8,4.8,4.8,4.8,4.8,4.8,5.0,5.0,5.0,5.0,5.0,5.0,5.0,5.0,5.0,5.0,5.0,5.0,5.0,5.0
153,North Macedonia,0.0,0.0,0.0,0.0,0.0,0.0,0.0,0.0,0.0,0.0,0.0,0.0,0.0,0.0,0.0,0.0,0.0,0.0,0.0,0.0,0.0,0.0,0.0,0.0,0.0,0.0,0.0,0.0,0.0,0.0,0.0,1307.0,1297.0,1296.0,1287.0,1290.0,1283.0,1291.0,1282.0,1235.0,1242.0,1334.0,1301.0,1262.0,1228.0,1224.0,1155.6,1063.0,1013.0,1119.0,1118.0,1267.0,1407.2,1261.0,1262.0,1433.868,1266.0,1264.0,1265.0,1262.0
155,Norway,1034.0,1031.0,1028.0,1019.0,1011.0,1005.0,1000.0,994.0,986.0,954.0,931.0,910.0,904.0,901.0,898.0,896.0,899.0,900.0,954.0,936.0,936.0,942.0,945.0,954.0,957.0,969.0,970.0,976.0,991.0,976.0,1010.0,1003.0,1013.0,1030.0,1127.0,1132.0,1038.0,1047.0,1038.0,1042.0,1047.0,1046.0,1040.0,1084.0,1079.0,1091.0,1087.0,1024.8,1014.26,1049.5,999.0,1012.4599999999999,1006.5928,986.76,986.03,1017.361,985.112,986.28,984.254,985.962
156,Oman,1035.0,1035.0,1035.0,1036.0,1036.0,1036.0,1038.0,1040.0,1040.0,1042.0,1042.0,1044.0,1045.0,1046.0,1047.0,1048.0,1049.0,1051.0,1051.0,1051.0,1051.0,1051.0,1055.0,1059.0,1061.0,1067.0,1070.0,1073.0,1077.0,1080.0,1080.0,1083.0,1072.0,1072.0,1071.0,1071.0,1070.0,1071.0,1071.0,1173.0,1173.6,1273.4,1373.0,1472.0,1465.0,1463.0,1465.0,1457.2,1454.4,1443.2,1436.8,1423.8,1487.32,1488.56,1516.77,1520.54,1552.8400000000001,1568.7800000000002,1571.8000000000002,1566.8600000000001
158,Pakistan,35730.0,35840.0,35880.0,36355.0,37235.0,37415.0,37470.0,37170.0,35700.0,35865.0,35485.0,35505.0,36400.0,35740.0,36035.0,35712.0,35913.0,36417.0,36337.0,37416.0,36504.0,38509.0,36409.0,37500.0,37118.0,35571.0,36671.0,35347.0,35860.0,35206.0,35270.0,35380.0,35750.0,35790.0,36026.0,36172.0,36669.0,36760.0,36756.0,36698.0,54792.0,54924.0,55062.0,54825.0,54945.0,55265.0,55113.0,54603.0,54697.0,54882.0,54606.0,54623.0,54220.0,54842.0,54932.0,55395.0,55223.0,55583.0,54653.0,56063.0
160,Palestine,479.0,479.0,479.0,479.0,479.0,480.0,482.0,482.0,482.0,484.0,484.0,484.0,485.0,486.0,486.0,489.0,491.0,493.0,493.0,494.0,498.0,500.0,502.0,503.0,502.0,502.0,502.0,502.0,503.0,501.0,499.0,497.0,497.0,497.0,503.0,499.0,497.0,476.0,491.0,499.0,512.3,513.2,509.4,509.8,506.2,501.2,498.2,494.2,426.3,387.7,400.9,415.90999999999997,429.76,431.8,430.72,554.8,580.2,444.3,444.9,444.9
161,Panama,1624.0,1634.0,1644.0,1648.0,1658.0,1668.0,1669.0,1679.0,1687.0,1684.0,1713.0,1743.0,1763.0,1785.0,1806.0,1827.0,1849.0,1850.0,1852.0,1855.0,1882.0,1914.0,1941.0,1966.0,1995.0,2020.0,2045.0,2070.0,2100.0,2124.0,2134.0,2150.0,2150.0,2135.0,2132.0,2132.0,2140.0,2149.0,2157.0,2230.0,2240.4,2237.8,2235.2,2232.6,2230.0,2224.4,2263.8,2261.2,2263.6,2293.5899999999997,2283.2,2274.1,2267.8,2233.0,2223.0,2213.0,2203.0,2193.0,2183.0,2214.866
162,Papua New Guinea,495.0,495.0,495.0,505.0,505.0,511.0,556.0,585.0,616.0,641.0,669.0,679.0,689.0,698.0,714.0,724.0,735.0,756.0,768.0,772.0,778.0,770.0,767.0,775.0,808.0,830.0,846.0,863.0,870.0,877.0,882.0,887.0,893.0,898.0,934.0,955.0,962.0,974.0,993.0,1005.0,1010.0,1000.0,1005.0,1020.0,1030.0,1040.0,1040.0,1190.0,1190.0,1190.0,1190.0,1190.0,1190.0,1190.0,1190.0,1190.0,1190.0,1190.0,1190.0,1190.0
163,Paraguay,10411.0,10504.0,10604.0,10718.0,10823.0,10930.0,11013.0,11091.0,11173.0,11255.0,11338.0,11420.0,11501.0,11699.0,11902.0,12104.0,12296.0,12499.0,12691.0,12893.0,13097.0,13215.0,13334.0,13453.0,13572.0,13701.0,13820.0,13939.0,14058.0,14184.14,14220.14,14370.14,14370.14,14520.14,14670.14,14670.14,14670.14,14921.14,15022.14,15095.14,15185.14,15293.14,15365.14,15455.14,15545.14,15635.14,15725.14,15822.14,15923.14,16045.14,16192.14,16430.14,16554.14,16733.14,16938.14,16734.14,16723.14,16807.14,16809.14,16809.14
164,Peru,16956.0,17099.0,17430.0,17668.0,17750.0,17675.0,17684.0,17780.0,17819.0,17913.0,17922.0,18565.0,18615.2227,18668.4455,18721.6682,18774.8909,18848.1136,18911.3364,18974.5591,19027.7818,19081.0045,19144.2273,19197.45,19260.6727,19323.8955,19397.1182,19460.3409,19523.5636,19586.7864,22437.0091,22500.2318,22563.4545,22626.6773,22349.8,22496.8,22643.7,22790.6,22937.5,23084.4,23231.3,23378.2,23525.1,23672.0,23818.9,23992.8,24152.7,24312.6,24473.5,24633.4,24794.3,24964.2,25100.26,24967.37,24831.58,24695.804,24443.0,24518.108,24698.589,24478.29,24478.29
165,Philippines,7713.0,7792.0,7872.0,8152.0,8132.0,8130.0,8305.0,8281.0,8253.0,8310.0,8279.0,8430.0,8596.0,8862.0,9192.0,9674.0,10090.0,10140.0,10394.0,10625.0,10670.0,10740.0,10780.0,10820.0,10910.0,10980.0,11020.0,11060.0,11100.0,11140.0,11157.0,11115.0,11065.0,11015.0,11015.0,11105.0,11335.0,11285.0,11235.0,11234.0,11184.0,11135.0,11240.0,11470.0,11355.0,12545.0,12760.0,13099.0,13237.0,13202.0,13396.0,12430.0,12469.0,12498.0,12527.0,12556.0,12585.0,12614.0,12643.0,12675.0
166,Poland,20322.0,20262.0,20184.0,20130.0,19946.0,19947.0,19819.0,19777.0,19557.0,19543.0,19508.0,19371.0,19326.0,19257.0,19224.0,19199.0,19159.0,19111.0,19048.0,19007.0,18910.0,18891.0,18879.0,18939.0,18914.0,18879.0,18869.0,18820.0,18807.0,18793.0,18753.0,18743.0,18715.0,18707.0,18622.0,18474.0,18457.0,18443.0,18435.0,18413.0,17788.0,16899.0,16169.0,16327.0,15977.0,15957.0,15541.0,15601.0,15619.0,14495.0,14779.0,14529.0,14685.0,14558.0,14545.0,14675.7,14620.0,14669.0,14689.0,14682.0
167,Portugal,3875.0,3881.0,3887.0,3893.0,3899.0,3905.0,3911.0,3913.0,3923.0,3929.0,3935.0,3941.0,3946.0,3951.0,3956.0,3961.0,3966.0,3971.0,3976.0,3979.0,3982.0,3985.0,3988.0,3991.0,3994.0,3997.0,4001.0,4005.0,4005.0,3963.0,3920.0,3878.0,3959.0,3952.0,3924.0,3730.0,3582.0,3722.5,3863.0,3956.38,3853.82,3877.72,3813.68,3869.61,4277.889999999999,3757.66,4244.62,3725.86,3695.58,4120.17,3649.36,3664.41,4196.23,3699.69,3695.03,4110.52,4663.173,4663.173,5687.6434,5121.413
168,Puerto Rico,616.0,601.0,605.0,585.0,609.0,581.0,568.0,566.0,562.0,552.0,530.0,515.0,492.0,494.0,493.0,493.0,491.0,495.0,486.0,475.0,467.0,467.0,466.0,464.0,461.0,463.0,462.0,462.0,450.0,435.0,420.0,410.0,311.0,309.0,309.0,309.0,291.0,272.5,259.9,247.2,234.7,239.0,232.6,209.0,202.4,195.8,204.78,190.7,192.3,193.9,195.5,217.8,192.2,187.6,183.0,178.4,173.8,168.9,167.9,167.9
169,Qatar,51.0,51.0,51.0,51.0,51.0,51.0,51.0,51.0,51.0,51.0,51.0,51.0,51.0,52.0,52.0,52.0,52.0,52.0,53.0,55.0,56.0,57.0,58.0,59.0,59.0,60.0,61.0,61.0,60.0,61.0,61.0,64.0,65.0,65.0,65.0,66.0,66.0,66.0,66.0,66.0,66.3,65.7,66.2,65.2,64.6,65.3,66.0,66.7,67.4,81.1,80.39999999999999,69.5,70.2,71.0,82.0,82.0,83.0,85.0,86.0,87.0
170,Republic of Korea,2113.0,2081.0,2100.0,2191.0,2278.0,2315.0,2336.0,2343.0,2337.0,2324.0,2299.0,2270.0,2271.0,2268.0,2272.0,2270.0,2267.0,2263.0,2252.0,2247.0,2245.0,2243.0,2236.0,2229.0,2220.0,2217.0,2219.0,2214.0,2197.0,2179.0,2161.0,2136.0,2118.0,2096.0,2048.0,2008.0,1983.0,1969.0,1954.0,1973.0,1945.0,1919.0,1902.0,1893.0,1881.0,1858.0,1840.0,1817.0,1795.0,1773.0,1756.1,1788.0,1768.7,1748.3,1736.0,1700.8,1676.7,1652.0,1637.0,1621.0
171,Republic of Moldova,0.0,0.0,0.0,0.0,0.0,0.0,0.0,0.0,0.0,0.0,0.0,0.0,0.0,0.0,0.0,0.0,0.0,0.0,0.0,0.0,0.0,0.0,0.0,0.0,0.0,0.0,0.0,0.0,0.0,0.0,0.0,2560.0,2557.0,2557.0,2556.0,2556.0,2556.0,2556.0,2557.0,2544.0,2539.0,2534.0,2528.0,2522.0,2499.0,2483.0,2485.0,2481.0,2472.0,2465.0,2462.0,2460.0,2461.0,2560.9,2563.9,2563.8,2563.2000000000003,2498.7999999999997,2503.9,2501.03
172,Romania,14601.0,14688.0,14724.0,14742.0,14791.0,14835.0,14838.0,14972.0,14968.0,14930.0,14935.0,14943.0,14904.0,14929.0,14946.0,14955.0,14960.0,14965.0,14967.0,14964.0,14948.0,14963.0,14981.0,14992.0,15020.0,15038.0,15093.0,15109.0,14758.0,14769.0,14798.0,14790.0,14793.0,14798.0,14797.0,14782.0,14798.0,14747.0,14781.0,14857.0,15125.0,15306.0,15369.0,14457.0,14226.0,14135.5,13950.0,13891.0,13917.0,14239.3,14085.5,13898.9,14085.9,13975.0,14031.0,13674.0,13590.0,13681.0,14113.0,14064.0
173,Russian Federation,0.0,0.0,0.0,0.0,0.0,0.0,0.0,0.0,0.0,0.0,0.0,0.0,0.0,0.0,0.0,0.0,0.0,0.0,0.0,0.0,0.0,0.0,0.0,0.0,0.0,0.0,0.0,0.0,0.0,0.0,0.0,221631.0,218795.0,217711.0,216400.0,216111.0,217989.0,217287.0,216790.0,217162.0,221348.0,221097.0,220818.0,220510.0,220154.0,219921.0,219814.0,219741.0,215494.0,215494.0,215494.0,215494.0,215494.0,215494.0,215494.0,215494.0,215494.0,215494.0,215494.0,215494.0
174,Rwanda,1315.0,1325.0,1335.0,1345.0,1355.0,1365.0,1375.0,1383.0,1397.0,1404.0,1448.0,1508.0,1505.0,1584.0,1612.0,1639.0,1665.0,1680.0,1697.0,1715.0,1760.0,1775.0,1790.0,1808.0,1819.0,1830.0,1842.0,1853.0,1855.0,1879.0,1877.0,1837.0,1730.0,1485.0,1485.0,1545.0,1595.0,1615.0,1661.0,1670.0,1749.0,1831.0,1804.0,1815.88,1790.8400000000001,1802.95,1804.88,1807.44,1808.87,1803.92,1816.44,1815.73,1842.5,1809.5,1811.7,1811.7,1811.7,1811.7,1811.7,1811.7
175,RÃ©union,61.0,61.0,61.0,61.0,61.0,61.0,62.0,62.0,62.0,62.0,62.0,56.0,56.0,56.0,56.0,56.0,57.0,57.0,56.0,61.0,65.0,64.0,64.0,65.0,65.0,65.0,65.0,64.0,63.0,64.0,63.0,52.0,53.0,52.0,50.0,50.0,52.0,52.0,50.0,50.0,49.0,49.0,48.0,47.0,47.0,47.0,48.7,48.7,48.6,48.8,49.4,49.3,49.8,49.3,47.9,48.3,47.94,48.1,47.94,47.62
177,Saint Kitts and Nevis,20.0,20.0,20.0,20.0,20.0,20.0,20.0,20.0,18.0,15.0,15.0,15.0,15.0,15.0,15.0,15.0,15.0,15.0,15.0,15.0,15.0,14.0,14.0,13.0,13.0,12.0,12.0,12.0,12.0,12.0,12.0,12.0,12.0,10.0,10.0,9.0,9.0,9.0,10.0,9.5,9.3,8.1,8.1,8.03,5.0,5.01,5.09,5.1,5.5,5.7,6.0,6.0,6.0,6.0,6.0,6.0,6.0,6.0,6.0,6.0
178,Saint Lucia,17.0,17.0,18.0,18.0,18.0,18.0,19.0,19.0,19.0,19.0,20.0,20.0,20.0,19.9,20.0,20.0,20.0,20.0,20.2,20.5,20.8,21.0,21.2,21.5,21.8,21.2,21.0,21.0,21.0,20.9,19.8,19.7,19.7,19.5,18.0,17.4,17.0,15.5,15.4,14.2,13.9,13.1,12.4,11.1,10.9,10.1,9.93,9.94,9.94,9.94,9.94,9.94,9.94,9.94,9.94,9.94,9.94,9.94,9.94,9.94
180,Saint Vincent and the Grenadines,10.0,10.0,11.0,11.0,11.0,11.0,11.0,11.0,11.0,11.0,11.0,11.0,10.0,10.0,10.0,10.0,11.0,11.0,12.0,12.0,12.0,11.0,12.0,12.0,12.0,13.0,11.66,11.3,10.94,10.58,10.22,9.86,9.5,9.14,8.78,8.42,8.06,7.7,7.34,7.0,7.0,7.0,7.0,7.0,7.0,7.0,7.0,7.0,7.0,7.0,7.0,7.0,7.0,7.0,7.0,7.0,7.0,7.0,7.0,7.0
181,Samoa,56.0,57.0,57.0,57.0,62.0,62.0,62.0,63.0,63.0,63.5,64.0,64.0,64.0,64.0,65.0,69.0,71.0,71.0,73.5,74.0,77.0,77.0,77.6,78.0,78.0,78.4,76.7,77.0,54.2,54.0,54.0,52.0,52.0,51.0,51.0,51.0,51.0,51.0,50.8,48.0,48.0,47.0,45.0,43.0,42.0,40.2,38.5,37.0,34.9,41.5,48.0,54.5,61.0,67.5,75.62,68.81,62.0,55.17,49.41,49.41
183,Sao Tome and Principe,35.0,35.0,35.0,35.0,36.0,36.0,36.0,36.0,36.0,36.0,37.0,37.0,37.0,37.0,37.0,37.0,37.0,37.0,37.0,37.0,37.0,37.0,37.0,37.0,38.0,38.0,38.0,38.0,42.0,42.0,42.0,42.0,42.0,44.0,45.0,45.0,46.0,46.0,47.0,49.0,51.0,51.0,53.0,49.0,48.0,48.0,48.0,47.0,47.0,46.0,44.0,44.0,44.0,44.0,44.0,44.0,44.0,44.0,44.0,44.0
184,Saudi Arabia,86170.0,86190.0,86212.0,86241.0,86262.0,86284.0,86304.0,86340.0,86375.0,86420.0,86467.0,86517.0,86570.0,86640.0,86684.0,86750.0,86804.0,86856.0,86909.0,86962.0,87013.0,87068.0,87270.0,92423.0,97625.0,102780.0,107980.0,113130.0,118290.0,123481.0,123672.0,123746.0,130785.0,137785.0,144785.0,151785.0,158785.0,166785.0,173785.0,173785.0,173791.0,174984.0,173798.0,173709.0,173717.0,173674.0,174866.0,173572.0,173435.0,173406.0,173388.0,174536.0,173295.0,173608.3,173637.0,173627.0,174837.1056,174836.4304,173595.9169,173595.9169
185,Senegal,8647.0,8647.0,8747.0,8747.0,8847.0,8847.0,8947.0,9117.0,8903.0,8864.0,8946.0,8946.0,8996.0,9046.0,9046.0,9045.0,8844.0,8843.0,8842.0,8841.0,8840.0,8839.0,8838.0,8837.0,8836.0,8834.0,8832.0,8830.0,8827.0,8869.0,8709.0,8780.0,8818.0,8915.0,8815.0,8907.0,8628.0,8390.0,9112.0,9027.0,8799.0,8806.0,8686.0,8747.0,8843.0,8551.0,8503.0,9275.0,9488.0,9458.0,8965.0,8965.0,8868.0,8872.0,8873.0,8878.0,8878.0,8878.0,8878.0,8878.0
186,Serbia,0.0,0.0,0.0,0.0,0.0,0.0,0.0,0.0,0.0,0.0,0.0,0.0,0.0,0.0,0.0,0.0,0.0,0.0,0.0,0.0,0.0,0.0,0.0,0.0,0.0,0.0,0.0,0.0,0.0,0.0,0.0,0.0,0.0,0.0,0.0,0.0,0.0,0.0,0.0,0.0,0.0,0.0,0.0,0.0,0.0,3563.02,3599.06,3629.74,3549.04,3546.6,3562.2,3515.6,3544.2,3551.4,3536.0,3499.0,3488.0,3534.0,3529.0,3556.0
187,Serbia and Montenegro,0.0,0.0,0.0,0.0,0.0,0.0,0.0,0.0,0.0,0.0,0.0,0.0,0.0,0.0,0.0,0.0,0.0,0.0,0.0,0.0,0.0,0.0,0.0,0.0,0.0,0.0,0.0,0.0,0.0,0.0,0.0,6188.0,6205.0,6202.0,6209.0,6188.0,6183.0,6181.0,5600.0,5587.0,5592.0,5586.0,5595.0,5591.0,5590.0,0.0,0.0,0.0,0.0,0.0,0.0,0.0,0.0,0.0,0.0,0.0,0.0,0.0,0.0,0.0
188,Seychelles,5.0,5.0,5.0,5.0,5.0,5.0,5.0,5.0,5.0,5.0,5.0,5.0,5.0,5.0,5.0,5.0,5.0,5.0,5.0,5.0,5.0,6.0,6.0,6.0,6.0,6.0,6.0,5.0,5.0,4.0,4.0,4.0,4.0,4.0,4.0,4.0,4.0,4.0,4.0,4.0,4.0,4.0,4.2,4.0,4.0,4.0,3.0,3.0,2.9,2.4,1.5,1.5,1.55,1.55,1.55,1.55,1.55,1.55,1.55,1.55
189,Sierra Leone,2612.0,2617.0,2624.0,2629.0,2634.0,2639.0,2644.0,2654.0,2659.0,2664.0,2669.0,2674.0,2679.0,2684.0,2689.0,2694.0,2699.0,2709.0,2719.0,2724.0,2729.0,2744.0,2749.0,2764.0,2814.0,2819.0,2824.0,2825.0,2825.0,2825.0,2825.0,2815.0,2811.0,2810.0,2810.0,2810.0,2809.0,2809.0,2804.0,2810.0,3001.52,3230.08,3566.67,3772.73,3812.02,4029.88,3623.72,3712.23,3800.97,3930.38,4017.63,3836.65,3948.65,3949.0,3949.0,3949.0,3949.0,3949.0,3949.0,3949.0
190,Singapore,14.0,14.0,13.0,13.0,13.0,13.0,13.0,12.0,12.0,12.0,10.0,11.0,11.0,9.0,8.0,8.0,8.0,8.0,8.0,8.0,7.0,6.0,6.0,6.0,5.0,4.0,3.0,3.0,2.0,2.0,1.2,1.2,1.2,1.2,1.2,1.2,1.2,1.2,1.2,1.2,1.2,1.2,0.8,0.8,0.76,0.75,0.8,0.7,0.7,0.74,0.73,0.73,0.67,0.66,0.66,0.66,0.66,0.66,0.66,0.66
191,Slovakia,0.0,0.0,0.0,0.0,0.0,0.0,0.0,0.0,0.0,0.0,0.0,0.0,0.0,0.0,0.0,0.0,0.0,0.0,0.0,0.0,0.0,0.0,0.0,0.0,0.0,0.0,0.0,0.0,0.0,0.0,0.0,0.0,2446.0,2446.0,2446.0,2444.0,2445.0,2443.0,2443.0,2440.0,2366.0,2312.0,2330.0,1976.0,1967.0,1964.0,1955.0,1963.0,1950.0,1959.5,1943.5,1952.2,1943.4,1939.1,1943.1,1970.6,1966.4,1968.9,1961.2,1959.4
192,Slovenia,0.0,0.0,0.0,0.0,0.0,0.0,0.0,0.0,0.0,0.0,0.0,0.0,0.0,0.0,0.0,0.0,0.0,0.0,0.0,0.0,0.0,0.0,0.0,0.0,0.0,0.0,0.0,0.0,0.0,0.0,0.0,564.0,560.0,549.0,538.0,525.0,495.0,490.0,500.0,518.0,513.0,508.0,513.0,495.0,511.0,494.0,502.0,622.56,629.12,627.86,624.61,613.79,614.21,622.75,626.66,627.83,625.62,622.5799999999999,622.78,622.62
193,Solomon Islands,55.0,55.0,55.0,55.0,55.0,55.0,55.0,55.0,55.0,55.0,55.0,55.0,55.0,55.0,55.0,55.0,56.0,57.0,59.0,59.0,59.0,62.0,62.0,64.0,64.0,66.0,65.0,67.0,68.0,68.0,69.0,71.0,71.0,72.0,73.0,73.0,73.0,74.0,76.0,76.0,77.0,79.0,83.0,83.0,89.0,94.0,94.0,97.0,101.0,107.0,110.0,111.0,111.0,111.5,113.0,114.0,117.0,117.0,117.0,117.0
194,Somalia,43905.0,43910.0,43915.0,43920.0,43925.0,43930.0,43935.0,43940.0,43945.0,43950.0,43955.0,43960.0,43965.0,43970.0,43975.0,43980.0,43985.0,43990.0,43995.0,44000.0,44005.0,44010.0,44015.0,44020.0,44025.0,44030.0,44035.0,44039.0,44040.0,44042.0,44042.0,44043.0,44044.0,44050.0,44056.0,44061.0,44066.0,44067.0,44067.0,44067.0,44071.0,44226.0,44276.0,44377.0,44377.0,44168.0,44028.0,44128.0,44128.0,44128.0,44028.0,44025.0,44125.0,44125.0,44125.0,44125.0,44125.0,44125.0,44125.0,44125.0
195,South Africa,101335.0,100135.0,98995.0,97750.0,96610.0,96424.0,96148.0,95927.0,95696.0,95465.0,95234.0,95008.0,94772.0,94556.0,94305.0,94069.0,94058.0,94067.0,94056.0,94055.0,94044.0,94033.0,94033.0,94033.0,94033.0,94400.0,94650.0,94900.0,95300.0,95600.0,96005.0,96473.0,96936.0,97265.0,97520.0,97890.0,97945.0,97988.0,98058.0,98125.0,98013.0,98028.0,97928.0,97608.0,97483.0,96888.0,96890.0,97108.0,96988.0,98429.0,97975.0,96341.0,96341.0,96341.0,96341.0,96341.0,96341.0,96341.0,96341.0,96341.0
196,South Sudan,0.0,0.0,0.0,0.0,0.0,0.0,0.0,0.0,0.0,0.0,0.0,0.0,0.0,0.0,0.0,0.0,0.0,0.0,0.0,0.0,0.0,0.0,0.0,0.0,0.0,0.0,0.0,0.0,0.0,0.0,0.0,0.0,0.0,0.0,0.0,0.0,0.0,0.0,0.0,0.0,0.0,0.0,0.0,0.0,0.0,0.0,0.0,0.0,0.0,0.0,0.0,28497.9125,28462.625,28427.3375,28392.05,28356.7625,28321.475,28251.0,28251.0,28251.0
197,Spain,33230.0,33232.0,33137.0,32753.0,32694.0,32156.0,32382.0,32159.0,32527.0,32119.0,32684.0,32568.0,32280.0,32078.0,31921.0,31516.0,31590.0,31478.0,31355.0,31238.0,31206.0,31191.0,30791.0,30628.0,30712.0,30610.0,30601.0,30578.0,30701.0,30472.0,30371.0,30279.0,30033.0,30183.0,29719.0,30139.0,30059.0,29958.0,29778.0,29766.0,33247.0,33199.0,32730.0,32485.0,32579.0,31933.0,31322.0,31501.8,31177.0,30851.0,30288.0,30446.0,30525.2,30406.0,30174.92,29879.8,29959.43,29887.064899999998,29964.693600000002,29902.0361
198,Sri Lanka,1723.0,1707.0,2060.0,2103.0,2156.0,2205.0,2255.0,2321.0,2328.0,2333.0,2339.0,2345.0,2351.0,2357.0,2359.0,2396.0,2433.0,2469.0,2359.0,2349.0,2349.0,2296.0,2308.0,2311.0,2315.0,2326.0,2334.0,2337.0,2340.0,2339.0,2342.0,2344.0,2320.0,2323.0,2326.0,2327.0,2328.0,2329.0,2345.0,2350.0,2351.0,2356.0,2370.0,2310.0,2510.0,2440.0,2390.0,2595.0,2610.0,2620.0,2730.0,2740.0,2740.0,2740.0,2740.0,2750.0,2760.2,2811.6,2828.3073,2829.0
199,Sudan,0.0,0.0,0.0,0.0,0.0,0.0,0.0,0.0,0.0,0.0,0.0,0.0,0.0,0.0,0.0,0.0,0.0,0.0,0.0,0.0,0.0,0.0,0.0,0.0,0.0,0.0,0.0,0.0,0.0,0.0,0.0,0.0,0.0,0.0,0.0,0.0,0.0,0.0,0.0,0.0,0.0,0.0,0.0,0.0,0.0,0.0,0.0,0.0,0.0,0.0,0.0,68207.16,68194.56,68186.16,68491.08,68796.0,69610.92,70834.26,70956.249,70972.44
200,Sudan (former),108840.0,108940.0,109040.0,109142.0,109242.0,109340.0,109450.0,109547.0,109647.0,109745.0,109843.0,109941.0,110048.0,110105.0,110205.0,110300.0,110398.0,110436.0,110435.0,110450.0,110480.0,110540.0,110590.0,110645.0,112700.0,115750.0,117805.0,120845.0,122860.0,122910.0,122965.0,124015.0,126733.0,128115.0,129644.0,130539.0,130832.0,131102.0,131352.0,131575.0,132093.0,132614.0,134530.0,134497.0,135220.0,136053.0,136615.0,136698.0,137265.8,137246.2,137246.2,0.0,0.0,0.0,0.0,0.0,0.0,0.0,0.0,0.0
201,Suriname,41.0,42.0,41.0,46.0,47.0,44.0,43.0,43.0,47.0,48.0,52.0,53.0,56.0,57.0,58.0,59.0,61.0,62.0,64.0,69.0,73.0,75.0,75.0,77.0,81.0,84.0,88.0,88.0,88.0,88.0,89.0,89.0,89.0,89.0,89.0,89.0,88.0,88.0,88.0,88.0,86.0,74.0,80.5,77.5,72.8,72.8,70.0,70.8,193.3,189.57999999999998,191.28,180.06,204.10000000000002,216.2,219.0,219.0,210.0,208.0,210.0,204.0
202,Sweden,4237.0,4172.0,3981.0,3943.0,3849.0,3797.0,3785.0,3721.0,3745.0,3753.0,3758.0,3734.0,3718.0,3735.0,3726.0,3735.0,3722.0,3728.0,3711.0,3704.0,3675.0,3660.0,3636.0,3611.0,3494.0,3476.0,3455.0,3437.0,3418.0,3413.0,3358.0,3344.0,3356.0,3356.0,3267.0,3297.0,3259.0,3231.0,3194.0,2974.1,3053.9,3139.9,3182.14,3153.2,3250.0499999999997,3150.1,3175.07,3075.8,3067.2,3136.7,3063.1,3031.5,3087.98,3036.07,3028.35,3071.92,3138.37,3127.39,3132.78,3133.54
203,Switzerland,1736.3,1733.4,1719.2,1710.4,1701.6,1695.7,1688.8,1686.1,1687.4,1673.9,1665.4,1662.8,1653.7,1647.5,1643.8,1642.6,1641.4,1644.9,1658.7,1653.9,1649.0,1644.1,1639.3,1634.5,1629.6,1624.8,1620.0,1615.1,1610.4,1605.7,1600.9,1596.2,1591.5,1586.8,1582.1,1578.8,1575.7,1572.3,1569.1,1566.0,1562.6,1559.5,1556.2,1553.2,1550.0,1546.8,1543.5,1540.6,1537.5,1570.8,1531.6,1528.7,1585.9561,1548.6834,1545.7187,1575.5478,1539.8066,1536.8592,1533.9175,1530.9816
204,Syrian Arab Republic,14941.0,14970.0,15041.0,14854.0,14299.0,13630.0,13630.0,13421.0,13445.0,13459.0,13458.0,14161.0,14478.0,14517.0,14107.0,14213.0,14040.0,14009.0,13960.0,14062.0,14115.0,14113.0,13991.0,13973.0,13951.0,13920.0,13907.0,13733.0,13492.0,13495.0,13512.0,13613.0,13642.0,13786.0,13789.0,13790.0,13804.0,13754.0,13767.0,13711.0,13723.0,13759.0,15174.0,15344.0,15254.0,15279.0,15293.0,15254.0,15146.0,15249.0,15314.0,15349.0,15231.0,13921.0,13921.0,13921.0,13921.0,13921.0,13921.0,13921.0
205,Tajikistan,0.0,0.0,0.0,0.0,0.0,0.0,0.0,0.0,0.0,0.0,0.0,0.0,0.0,0.0,0.0,0.0,0.0,0.0,0.0,0.0,0.0,0.0,0.0,0.0,0.0,0.0,0.0,0.0,0.0,0.0,0.0,4489.0,4543.0,4470.0,4582.0,4585.0,4562.0,4547.0,4568.0,4573.0,4573.0,4571.0,4596.0,4650.0,4672.0,4735.0,4729.0,4727.0,4759.4,4755.7,4752.8,4749.0,4780.6,6446.2,6477.8,6171.0,6210.900000000001,6221.6,6233.599999999999,6233.1
206,Thailand,11653.0,11980.0,12460.0,12690.0,12940.0,13210.0,13460.0,13700.0,13920.0,14248.0,14399.0,15230.0,16080.0,16883.0,17220.0,17548.0,17965.0,18376.0,18702.0,18938.0,19341.0,19779.0,19898.0,20051.0,20577.0,20775.0,21240.0,21330.0,21337.0,21383.0,21516.0,21374.0,21245.0,21120.0,21210.0,20863.0,20442.0,20052.0,20017.0,19834.0,19828.0,19689.0,19554.0,19555.0,19610.0,19700.0,19800.0,20050.0,20879.0,21060.0,21060.0,21960.0,22310.0,22410.0,22510.0,22610.0,22710.0,22810.0,22910.0,23010.0
207,Timor-Leste,230.0,230.0,230.0,230.0,230.0,230.0,232.0,232.0,233.0,243.0,243.0,245.0,250.0,250.0,255.0,258.0,262.0,271.0,276.0,279.0,282.0,284.0,286.0,289.0,292.0,295.0,299.0,303.0,305.0,318.0,330.0,330.0,335.0,340.0,340.0,342.0,343.0,341.0,337.0,337.0,336.6,365.11,333.8,333.4,333.0,332.6,332.2,336.8,338.4,338.0,338.6,339.1,339.6,340.1,340.6,341.1,341.6,342.1,341.4,341.4
208,Togo,3070.0,3070.0,3070.0,3070.0,3075.0,3075.0,3075.0,3075.0,3075.0,3075.0,2880.0,2880.0,2880.0,2880.0,2880.0,2880.0,2880.0,2980.0,3030.0,3035.0,3035.0,3035.0,3035.0,3085.0,3090.0,3090.0,3110.0,3140.0,3140.0,3160.0,3185.0,3205.0,3230.0,3250.0,3270.0,3290.0,3330.0,3350.0,3370.0,3400.0,3420.0,3440.0,3460.0,3480.0,3520.0,3570.0,3595.0,3635.0,3655.0,3665.0,3665.0,3850.0,3820.0,3820.0,3820.0,3820.0,3820.0,3820.0,3820.0,3820.0
209,Tokelau,0.3,0.4,0.4,0.4,0.4,0.4,0.4,0.4,0.4,0.4,0.4,0.4,0.4,0.4,0.4,0.4,0.4,0.4,0.4,0.4,0.4,0.4,0.4,0.4,0.5,0.5,0.5,0.5,0.5,0.5,0.6,0.6,0.6,0.6,0.6,0.6,0.6,0.6,0.6,0.6,0.6,0.6,0.6,0.6,0.6,0.6,0.6,0.6,0.6,0.6,0.6,0.6,0.6,0.6,0.6,0.6,0.6,0.6,0.6,0.6
210,Tonga,27.0,28.0,29.0,29.0,30.0,31.0,31.0,31.0,33.0,32.0,32.0,33.0,33.0,34.0,34.0,33.0,33.0,33.0,33.0,34.0,34.0,34.0,33.0,33.0,33.0,33.0,33.0,33.0,32.0,32.0,32.0,32.0,32.0,32.0,33.0,33.0,31.0,31.0,31.0,30.0,30.0,30.0,30.0,30.0,30.0,31.0,31.0,31.0,32.0,32.0,32.0,33.0,33.0,34.0,35.0,35.0,35.0,35.0,35.0,35.0
211,Trinidad and Tobago,97.0,97.0,98.0,98.0,98.0,98.0,98.0,98.0,98.0,98.0,101.0,101.0,110.0,111.0,106.0,106.0,106.0,106.0,106.0,101.0,95.0,88.0,74.0,74.0,71.0,71.0,71.0,72.0,72.0,77.0,81.0,81.0,81.0,81.0,76.0,76.0,71.0,66.0,67.0,67.0,60.0,60.0,60.0,60.0,54.0,54.0,54.0,54.0,54.0,54.0,54.0,59.0,54.0,54.0,54.0,54.0,54.0,54.0,54.0,54.0
212,Tunisia,8648.0,8646.0,8644.0,8726.0,8724.0,8722.0,8720.0,8718.0,8868.0,9053.0,9058.0,9156.0,9244.0,9292.0,9360.0,9428.0,9473.0,9357.0,9293.0,9061.0,9128.0,9216.0,9321.0,9342.0,9288.0,9194.0,9206.0,9170.0,9219.0,9191.0,9210.0,9355.0,9422.0,9283.0,9348.0,9324.0,9347.0,9420.0,9526.0,9551.0,9845.0,10122.0,10132.0,10186.0,10180.0,10179.0,10186.0,10277.0,10193.0,10429.0,10451.0,10303.0,10335.0,9761.0,9834.0,9703.0,9743.0,9700.5,9731.0,9731.0
213,Turkmenistan,0.0,0.0,0.0,0.0,0.0,0.0,0.0,0.0,0.0,0.0,0.0,0.0,0.0,0.0,0.0,0.0,0.0,0.0,0.0,0.0,0.0,0.0,0.0,0.0,0.0,0.0,0.0,0.0,0.0,0.0,0.0,35350.0,35450.0,35450.0,35500.0,35500.0,35500.0,35500.0,35540.0,35500.0,35500.0,35350.0,35190.0,35050.0,34880.0,34700.0,34550.0,34350.0,34205.0,34000.0,33838.0,33838.0,33838.0,33838.0,33838.0,33838.0,33838.0,33838.0,33838.0,33838.0
216,TÃ¼rkiye,36517.0,36648.0,37370.0,37292.0,37296.0,37484.0,37300.0,37601.0,38643.0,38178.0,38314.0,38826.0,38787.0,38328.0,37962.0,37903.0,38029.0,38045.0,38892.0,38579.0,38613.0,37191.0,36718.0,37613.0,38130.0,38483.0,39427.0,39263.0,39897.0,39677.0,40067.0,39904.0,39913.0,40149.0,39493.0,39364.0,39242.0,39919.0,40302.0,40479.0,40968.0,46411.0,45859.0,46425.0,46438.0,45708.0,44720.0,44337.0,44126.0,44227.0,43462.0,43622.0,43638.0,43769.0,43766.0,43543.0,43179.0,43017.0,42931.0,42977.0
217,USSR,541800.0,543300.0,542500.0,542130.0,544818.0,543882.0,545383.0,545966.0,548152.0,547649.0,547600.0,549380.0,551700.0,552980.0,550240.0,552300.0,553700.0,553100.0,552600.0,553317.0,553500.0,556050.0,556900.0,556986.0,557911.0,558425.0,556162.0,556740.0,556930.0,556220.0,555420.0,0.0,0.0,0.0,0.0,0.0,0.0,0.0,0.0,0.0,0.0,0.0,0.0,0.0,0.0,0.0,0.0,0.0,0.0,0.0,0.0,0.0,0.0,0.0,0.0,0.0,0.0,0.0,0.0,0.0
218,Uganda,9018.0,9114.0,9258.0,9873.0,9871.0,9885.0,9888.0,9925.0,9950.0,9980.0,10030.0,10100.0,10180.0,10264.0,10407.0,10538.0,10538.0,10610.0,10610.0,10680.0,10760.0,10840.0,11300.0,11500.0,11600.0,11817.0,11817.0,11817.0,11862.0,11962.0,12032.0,12052.0,12082.0,12102.0,12122.0,12172.0,12172.0,12242.0,12262.0,12512.0,12612.0,12812.0,13112.0,13262.0,13262.0,13462.75,13663.5,13914.25,14115.0,14265.0,14365.0,14415.0,14425.58,14415.0,14415.0,14415.0,14415.0,14415.0,14415.0,14415.0
219,Ukraine,0.0,0.0,0.0,0.0,0.0,0.0,0.0,0.0,0.0,0.0,0.0,0.0,0.0,0.0,0.0,0.0,0.0,0.0,0.0,0.0,0.0,0.0,0.0,0.0,0.0,0.0,0.0,0.0,0.0,0.0,0.0,41929.0,41890.0,41861.0,41853.0,41840.0,41854.0,41611.0,41453.0,41406.0,41928.3,42126.1,42086.4,41354.0,41304.0,41671.0,41674.0,41684.0,42086.0,42007.0,42023.0,42049.0,42919.0,42720.0,42724.0,42760.0,42821.0,42711.0,42708.0,42762.0
220,United Arab Emirates,208.0,208.0,208.0,208.0,209.0,210.0,210.0,210.0,210.0,212.0,212.0,212.0,213.0,214.0,215.0,216.0,217.0,218.0,219.0,223.0,227.0,227.0,232.0,232.0,235.0,238.0,238.0,239.0,239.0,285.0,310.0,339.0,355.0,372.0,383.0,387.0,395.0,398.0,516.0,547.0,562.0,566.0,554.0,554.0,557.0,538.6,532.6,539.6,387.9,468.3,459.6,424.8,538.6310000000001,548.06,548.54,552.12,552.06,545.91,572.0,569.4
221,United Kingdom of Great Britain and Northern Ireland,19800.0,19779.0,19747.0,19703.0,19585.0,19550.0,19554.0,19426.0,19380.0,18849.0,18843.0,18756.0,18696.0,18638.0,18583.0,18568.0,18490.0,18478.0,18452.0,18469.0,18320.0,18281.0,18216.0,18202.0,18168.0,18130.0,18116.0,18423.0,18306.0,18203.0,18143.0,18070.0,17534.0,17409.0,17379.0,17494.0,17585.0,17518.0,17219.0,16964.0,16953.0,16976.0,17183.0,17051.0,17164.4,17838.0,17785.2,17684.0,17325.0,17290.4,17164.0,17182.0,17632.1351,17558.6844,17466.9428,17683.6975,17797.3662,17758.8439,17815.8166,17562.3623
222,United Republic of Tanzania,26000.0,26000.0,27000.0,27000.0,27000.0,27000.0,27000.0,27000.0,27000.0,28000.0,29000.0,29000.0,29000.0,29000.0,29000.0,29000.0,29000.0,30000.0,30000.0,30000.0,31000.0,31000.0,31000.0,31000.0,32000.0,32000.0,32000.0,32000.0,32000.0,31189.99,31561.99,31933.99,32305.99,32677.99,33049.99,33421.99,33703.0,33800.0,33900.0,34000.0,34100.0,34200.0,34270.0,34757.1,35314.2,35871.3,36418.4,36974.4,37186.7,37399.0,37611.3,37497.594,38035.9,38248.2,38460.5,38672.8,38885.1,39097.4,39309.7,39827.248999999996
224,United States of America,447509.0,443991.0,441443.0,439012.0,435873.0,435550.0,435307.0,435795.0,435447.0,434400.0,433300.0,432300.0,431200.0,430158.0,430158.0,430158.0,430331.0,428163.0,428163.0,428163.0,428163.0,431399.0,431399.0,431399.0,431399.0,431399.0,426948.0,426948.0,426948.0,426948.0,426948.0,425429.0,422948.0,421139.0,420139.0,416306.0,414885.0,414588.0,413887.0,414399.0,414944.0,435448.0,413022.3,412980.9,412939.6,412898.8,435763.6,433131.3,408947.0,406991.7,405036.4,425671.0538,403627.0,404172.9,404718.7,405264.6,429288.582,405810.3538,405810.3538,405810.3538
225,Uruguay,16354.0,16249.0,16141.0,16084.0,15973.0,15915.0,15842.0,15722.0,15648.0,15481.0,15441.0,15400.0,15360.0,15321.0,15281.0,15240.0,15201.0,15161.0,15121.0,15081.0,15053.0,15021.0,14992.0,14962.0,14933.0,14895.0,14858.0,14839.0,14822.0,14917.0,14921.0,14925.0,14930.0,14934.0,14938.0,14941.0,14945.0,14950.0,14954.0,14958.0,14962.0,14923.0,14927.0,14829.0,14832.0,14864.0,14707.0,14854.0,14987.0,14611.0,14726.0,14437.0,14346.7,14475.1,14467.6,14488.3,14708.4,14676.3,14127.3,14063.4
226,Uzbekistan,0.0,0.0,0.0,0.0,0.0,0.0,0.0,0.0,0.0,0.0,0.0,0.0,0.0,0.0,0.0,0.0,0.0,0.0,0.0,0.0,0.0,0.0,0.0,0.0,0.0,0.0,0.0,0.0,0.0,0.0,0.0,27724.0,27647.0,27640.0,27643.0,27640.0,27637.0,27334.0,27331.0,27328.0,27325.0,27046.0,26865.0,26684.0,26503.0,26322.0,26141.0,25960.0,25779.0,25598.0,25417.0,25236.0,25060.0,25542.0,33480.4,33475.5,33582.3,33566.0,33591.1,33743.5
227,Vanuatu,105.0,105.0,105.0,105.0,113.0,113.0,113.0,113.0,113.0,120.0,120.0,120.0,120.0,120.0,126.0,126.0,127.0,127.0,128.0,128.0,131.0,132.0,135.0,135.0,137.0,141.0,143.0,147.0,149.0,152.0,154.0,157.0,159.0,160.0,165.0,167.0,168.0,172.0,173.0,175.0,177.0,178.0,180.0,181.0,183.0,185.0,187.0,187.0,187.0,187.0,187.0,187.0,187.0,187.0,187.0,187.0,187.0,187.0,187.0,187.0
228,Venezuela (Bolivarian Republic of),19232.0,19302.0,19372.0,19444.0,19514.0,19584.0,19666.0,19758.0,19840.0,19933.0,20026.0,20065.0,20179.0,20244.0,20298.0,20470.0,20684.0,20740.0,20900.0,21020.0,21040.0,21160.0,21280.0,21390.0,21640.0,21850.0,21960.0,22010.0,21810.0,21860.0,21857.0,21607.0,21603.0,21610.0,21620.0,21632.0,21636.0,21642.0,21633.0,21635.0,21638.0,21540.0,21540.0,21590.0,21595.0,21555.0,22242.0,21600.0,21500.0,21500.0,21500.0,21500.0,21500.0,21500.0,21500.0,21500.0,21500.0,21500.0,21500.0,21500.0
229,Viet Nam,6292.0,6297.0,6302.0,6307.0,6312.0,6317.0,6342.0,6367.0,6382.0,6417.0,6422.0,6447.0,6482.0,6507.0,6512.0,6722.0,6812.0,6836.0,6850.0,6858.0,6876.0,6884.0,6902.0,6910.0,6750.0,6725.0,6710.0,6710.0,6715.0,6726.0,6751.0,7025.0,7087.0,7140.0,7079.0,7682.0,7844.0,8055.0,8413.0,8780.0,9483.0,9455.0,9537.0,9795.6,10054.1,10078.0,10062.6,10240.8,10292.0,10760.1,10768.6,10793.3,10852.8,10873.7,12147.8,12172.2,12168.8,12140.5,12388.0,12360.0
232,Yemen,23337.0,23348.0,23360.0,23370.0,23380.0,23391.0,23398.0,23403.0,23413.0,23418.0,23426.0,23437.0,23442.0,23447.0,23460.0,23460.0,23460.0,23462.0,23463.0,23463.0,23465.0,23465.0,23465.0,23465.0,23470.0,23470.0,23479.0,23479.0,23481.0,23626.0,23631.0,23481.0,23725.0,23730.0,23736.0,23755.0,23720.0,23680.0,23668.0,23669.0,23595.0,23656.0,23495.0,23557.0,23523.0,23627.0,23627.0,23517.0,23452.0,23579.0,23452.0,23501.0,23499.0,23451.6,23432.6,23385.8,23452.0,23452.0,23452.0,23452.0
233,Yugoslav SFR,14952.0,14863.0,14763.0,14773.0,14756.0,14716.0,14687.0,14666.0,14640.0,14626.0,14520.0,14490.0,14435.0,14422.0,14388.0,14321.0,14274.0,14281.0,14239.0,14285.0,14281.0,14218.0,14190.0,14167.0,14135.0,14146.0,14123.0,14107.0,14106.0,14084.0,13971.0,0.0,0.0,0.0,0.0,0.0,0.0,0.0,0.0,0.0,0.0,0.0,0.0,0.0,0.0,0.0,0.0,0.0,0.0,0.0,0.0,0.0,0.0,0.0,0.0,0.0,0.0,0.0,0.0,0.0
234,Zambia,19307.0,19360.0,19404.0,19459.0,19513.0,19607.0,19661.0,19735.0,19804.0,19874.0,20053.0,20251.0,20144.0,20202.0,20237.0,20410.0,20274.0,20155.0,19780.0,19846.0,19836.0,19808.0,19961.0,19982.0,20125.0,20225.0,20366.0,20529.0,20897.0,20811.0,20826.0,21065.0,21202.0,21473.0,21458.0,21865.0,21971.0,22025.0,22405.0,22498.0,22555.0,22616.0,22909.0,22897.0,22762.0,23048.0,22984.0,23087.0,23586.0,23436.0,23636.0,23836.0,23736.0,23836.0,23836.0,23836.0,23836.0,23836.0,23836.0,23836.0
235,Zimbabwe,10985.0,11070.0,11155.0,11240.0,11305.0,11410.0,11495.0,11580.0,11665.0,11750.0,11835.0,11900.0,11935.0,12020.0,12055.0,12090.0,12115.0,12165.0,12215.0,12275.0,12350.0,12435.0,12510.0,12565.0,12640.0,12715.0,12790.0,12880.0,12955.0,13010.0,13180.0,13350.0,13520.0,13720.0,13860.0,14235.0,14419.0,14520.0,14840.0,15060.0,15240.0,15470.0,15650.0,16000.0,16100.0,16300.0,16200.0,16450.0,16300.0,16200.0,16400.0,16200.0,16200.0,16200.0,16200.0,16200.0,16200.0,16200.0,16200.0,16200.0
