,Area,1990,1991,1992,1993,1994,1995,1996,1997,1998,1999,2000,2001,2002,2003,2004,2005,2006,2007,2008,2009,2010,2011,2012,2013,2014,2015,2016,2017,2018,2019,2020,1961,1962,1963,1964,1965,1966,1967,1968,1969,1970,1971,1972,1973,1974,1975,1976,1977,1978,1979,1980,1981,1982,1983,1984,1985,1986,1987,1988,1989
0,Afghanistan,0.0,0.0,0.0,0.0,0.0,0.0,0.0,0.0,0.0,0.0,0.0,0.0,0.0,0.0,0.0,0.0,0.0,0.0,0.0,0.0,0.0,0.0,0.0,0.0,0.0,0.0,0.0,0.0,0.0,0.0,0.0,0,0,0,0,0,0,0,0,0,0,0,0,0,0,0,0,0,0,0,0,0,0,0,0,0,0,0,0,0
1,Albania,242.0,242.0,242.0,363.0,603.0,753.0,524.8,547.59,570.37,593.17,615.96,638.76,661.56,684.34,707.13,729.94,752.72,775.52,798.31,821.1,1181.01,1165.37,723.25,901.2,914.9399999999999,1076.48,1168.98,1229.82,884.7,1459.34,1513.02,0,0,0,0,0,0,0,0,0,0,0,0,0,0,0,0,0,0,0,0,0,0,0,0,0,0,0,0,0
2,Algeria,11486.93,14188.78,7752.36,7420.01,8117.24,12511.26,4381.77,3644.3199999999997,2997.92,4456.34,5074.8,5693.2699999999995,6311.75,6930.22,7548.7,5621.21,5008.02,7125.05,11440.220000000001,6336.82,3739.16,15224.42,17960.34,16539.14,14303.04,9033.86,8306.759999999998,12134.7,12134.7,12134.7,12134.7,0,0,0,0,0,0,0,0,0,0,0,0,0,0,0,0,0,0,0,0,0,0,0,0,0,0,0,0,0
3,Angola,192.0,237.0,69.0,507.0,75.5,1007.0,119.0,80.0,80.0,80.0,80.0,80.0,80.0,80.0,80.0,80.0,80.0,80.0,80.0,80.0,80.0,80.0,80.0,80.0,80.0,80.0,80.0,80.0,80.0,80.0,80.0,0,0,0,0,0,0,0,0,0,0,0,0,0,0,0,0,0,0,0,0,0,0,0,0,0,0,0,0,0
4,Antigua and Barbuda,15.04,15.04,15.04,15.04,15.04,15.04,15.04,15.04,15.04,15.04,15.04,15.04,15.04,15.04,15.04,15.04,15.04,15.04,15.04,15.04,22.56,117.78,94.49000000000001,84.89,54.949999999999996,79.92,53.71,54.13,54.56,54.98,41.79,0,0,0,0,0,0,0,0,0,0,0,0,0,0,0,0,0,0,0,0,0,0,0,0,0,0,0,0,0
5,Argentina,52312.0,52312.0,52312.0,78149.0,90292.0,113035.0,162941.0,232155.0,186157.0,146586.08,168378.16999999998,190170.24,211962.33,233754.4,255546.48,277338.56,299130.65,373580.38,406738.7,280189.6,471478.2,441220.08,432617.39,424014.7,621594.7,407614.0,399816.0,583638.0,345856.0,409118.0,482588.36,0,0,0,0,0,0,0,0,0,0,0,0,0,0,0,0,0,0,0,0,0,0,0,0,0,0,0,0,0
6,Armenia,0.0,0.0,16.0,23.0,69.0,71.7,96.0,82.93,101.83,120.76,139.70000000000002,158.63,177.53,294.31,614.3100000000001,661.53,682.65,725.13,650.53,595.08,836.1600000000001,641.34,725.25,809.15,893.03,976.95,1060.84,1144.73,1228.64,1565.0,1278.31,0,0,0,0,0,0,0,0,0,0,0,0,0,0,0,0,0,0,0,0,0,0,0,0,0,0,0,0,0
7,Australia,35732.84,35732.84,44469.9,47798.06,42113.59,51197.18,62370.130000000005,68183.01000000001,74430.19,68400.0,66950.95000000001,65419.02,53300.32,64835.15,72553.36,68620.70999999999,71802.55,64892.490000000005,85870.76,76131.37,84338.78,95265.97,97375.76000000001,90354.37,99714.70999999999,101843.2,126832.96,120402.73000000001,126832.96,126832.96,126832.96,0,0,0,0,0,0,0,0,0,0,0,0,0,0,0,0,0,0,0,0,0,0,0,0,0,0,0,0,0
8,Austria,8492.0,8974.0,7794.0,7968.0,7238.0,6804.0,7130.0,7379.2,6680.6,6837.2,8006.5,7002.8,6865.4,7854.1,7426.3,7737.0,7567.5,7607.1,9614.3,7981.0,8234.1,10235.7,10589.6,9223.8,10049.3,11256.2,10870.0,13836.0,15737.0,14767.0,16666.0,0,0,0,0,0,0,0,0,0,0,0,0,0,0,0,0,0,0,0,0,0,0,0,0,0,0,0,0,0
9,Azerbaijan,0.0,0.0,297.36,297.36,297.36,297.36,297.36,297.36,297.36,297.36,297.36,297.36,297.36,297.36,297.36,297.36,297.36,445.99,788.27,930.25,1001.5500000000001,1377.93,1538.13,1456.3300000000002,1566.48,1567.64,1601.31,1085.64,1085.64,1085.64,1085.64,0,0,0,0,0,0,0,0,0,0,0,0,0,0,0,0,0,0,0,0,0,0,0,0,0,0,0,0,0
10,Bahamas,484.0,514.1800000000001,504.92,627.8100000000001,750.68,670.3,875.26,1073.86,1072.57,1108.19,922.18,1258.76,1094.99,997.33,787.5699999999999,872.14,750.91,908.18,486.90999999999997,194.82999999999998,174.01,288.73,317.0,222.76999999999998,236.95000000000002,356.09,356.09,356.09,356.09,356.09,356.09,0,0,0,0,0,0,0,0,0,0,0,0,0,0,0,0,0,0,0,0,0,0,0,0,0,0,0,0,0
11,Bahrain,28.1,28.1,28.1,42.15,92.58,37.38,36.480000000000004,18.84,33.45,37.5,25.95,27.6,1.82,18.09,36.72,38.23,35.72,48.589999999999996,20.9,25.18,19.68,18.28,18.28,18.28,18.28,18.28,18.28,18.28,18.28,18.28,18.28,0,0,0,0,0,0,0,0,0,0,0,0,0,0,0,0,0,0,0,0,0,0,0,0,0,0,0,0,0
12,Bangladesh,3798.0,3861.0,4359.0,4461.0,3189.0,5106.0,5757.0,6105.0,6204.0,7596.0,9510.0,20069.47,19972.82,24752.93,31669.7,36087.18,42099.649999999994,50692.08,58874.42,41301.65,39725.58,32007.29,28485.57,32407.72,33310.82,40085.700000000004,43156.02,45426.34,30288.98,30288.98,46511.409999999996,0,0,0,0,0,0,0,0,0,0,0,0,0,0,0,0,0,0,0,0,0,0,0,0,0,0,0,0,0
13,Barbados,1100.0,1100.0,1100.0,1100.0,1028.0,1328.0,950.0,505.34,336.92,336.92,336.92,336.92,336.92,336.92,336.92,336.92,336.92,336.92,336.92,336.92,336.92,336.92,336.92,336.92,336.92,336.92,336.92,336.92,336.92,336.92,336.92,0,0,0,0,0,0,0,0,0,0,0,0,0,0,0,0,0,0,0,0,0,0,0,0,0,0,0,0,0
14,Belarus,0.0,0.0,9793.77,9793.77,9793.77,9793.77,9793.77,9793.77,9793.77,9793.77,9793.77,9793.77,9793.77,9793.77,9793.77,9793.77,9793.77,9793.77,9793.77,9793.77,9793.77,9793.77,11364.02,10958.68,9941.86,7127.68,6513.83,7113.1,7571.02,8341.86,9178.08,0,0,0,0,0,0,0,0,0,0,0,0,0,0,0,0,0,0,0,0,0,0,0,0,0,0,0,0,0
15,Belgium,0.0,0.0,0.0,0.0,0.0,0.0,0.0,0.0,0.0,0.0,28291.27,25162.11,18408.0,17644.0,18372.0,19552.0,16488.04,19854.25,19265.2,16230.22,13628.22,16976.31,18162.86,17422.4,19210.12,19308.79,19603.0,18366.0,18858.0,17399.0,15825.0,0,0,0,0,0,0,0,0,0,0,0,0,0,0,0,0,0,0,0,0,0,0,0,0,0,0,0,0,0
16,Belgium-Luxembourg,18148.42,18148.42,18148.42,26935.63,24966.73,26554.239999999998,25836.76,24587.8,26815.27,26124.460000000003,0.0,0.0,0.0,0.0,0.0,0.0,0.0,0.0,0.0,0.0,0.0,0.0,0.0,0.0,0.0,0.0,0.0,0.0,0.0,0.0,0.0,0,0,0,0,0,0,0,0,0,0,0,0,0,0,0,0,0,0,0,0,0,0,0,0,0,0,0,0,0
17,Belize,1542.0,1392.0,1994.0,2115.66,2237.34,2359.0,2480.66,2602.34,2724.0,2724.0,2592.0,3438.0,3058.55,2679.08,2299.62,1920.15,1947.45,1838.56,2496.57,2186.68,1857.8,2171.16,1783.9,2719.2400000000002,2383.36,2769.21,3279.66,3099.63,3421.87,2743.8399999999997,3482.63,0,0,0,0,0,0,0,0,0,0,0,0,0,0,0,0,0,0,0,0,0,0,0,0,0,0,0,0,0
18,Benin,0.0,0.0,0.0,0.0,0.0,0.0,0.0,0.0,0.0,0.0,0.0,0.0,0.0,0.0,0.0,0.0,0.0,0.0,0.0,0.0,0.0,0.0,0.0,0.0,0.0,0.0,0.0,0.0,0.0,0.0,0.0,0,0,0,0,0,0,0,0,0,0,0,0,0,0,0,0,0,0,0,0,0,0,0,0,0,0,0,0,0
19,Bhutan,43.67,40.86,30.28,25.05,127.28,156.82000000000002,175.95,9.78,11.32,11.790000000000001,15.160000000000002,5.1,3.75,10.32,13.29,4.1899999999999995,11.86,14.1,11.63,11.36,13.12,18.14,14.88,10.790000000000001,6.75,21.62,650.02,132.52,183.23,674.6800000000001,69.06,0,0,0,0,0,0,0,0,0,0,0,0,0,0,0,0,0,0,0,0,0,0,0,0,0,0,0,0,0
20,Bolivia (Plurinational State of),4936.06,3381.64,1882.0,2599.76,3305.72,4011.68,4717.64,5423.59,6129.55,6835.51,7541.49,8247.45,8953.41,9659.37,12906.35,14291.86,15543.66,16853.81,17739.63,20561.56,25938.7,27678.36,28806.09,34141.84,32946.4,31924.190000000002,32784.78,94836.0,93203.27,77070.51,83346.31,0,0,0,0,0,0,0,0,0,0,0,0,0,0,0,0,0,0,0,0,0,0,0,0,0,0,0,0,0
21,Bosnia and Herzegovina,0.0,0.0,4370.38,4338.950000000001,4325.26,4288.84,4330.34,4369.55,4296.36,4356.09,4344.74,4349.39,4416.17,4355.04,4327.9400000000005,4473.57,4429.950000000001,4495.92,4547.160000000001,4444.94,4474.58,4659.1900000000005,4692.07,4675.22,4675.91,4641.45,4858.58,4915.25,4999.15,5023.14,5446.8,0,0,0,0,0,0,0,0,0,0,0,0,0,0,0,0,0,0,0,0,0,0,0,0,0,0,0,0,0
22,Botswana,51.0,57.0,51.0,34.0,34.0,34.0,34.0,34.0,34.0,34.0,34.0,34.0,34.0,34.0,34.0,34.0,34.0,34.0,34.0,34.0,34.0,34.0,34.0,34.0,34.0,34.0,34.0,34.0,34.0,34.0,34.0,0,0,0,0,0,0,0,0,0,0,0,0,0,0,0,0,0,0,0,0,0,0,0,0,0,0,0,0,0
23,Brazil,99390.0,116698.88,134007.78,151316.66,168625.55,185934.45,203243.34,220552.22,237861.12,255170.0,280846.0,303046.0,291104.0,364892.0,429450.0,464464.0,477432.0,608062.0,625274.0,671484.0,685160.0,690052.0,693166.0,735556.0,704672.0,791292.0,754352.0,754352.0,754352.0,754352.0,754352.0,0,0,0,0,0,0,0,0,0,0,0,0,0,0,0,0,0,0,0,0,0,0,0,0,0,0,0,0,0
24,Brunei Darussalam,4.2,4.2,4.2,4.2,4.2,4.2,4.2,4.2,4.2,4.2,4.2,4.2,4.2,4.2,4.2,6.300000000000001,29.759999999999998,40.95,17.94,83.78999999999999,115.47,27.18,4.859999999999999,35.91,61.62,41.08,41.08,41.08,41.08,41.08,41.08,0,0,0,0,0,0,0,0,0,0,0,0,0,0,0,0,0,0,0,0,0,0,0,0,0,0,0,0,0
25,Bulgaria,7812.0,7812.0,11718.0,7554.5,7297.0,7039.5,6782.0,6524.5,6267.0,6009.5,5752.0,5494.5,5237.0,4979.5,4722.0,4464.5,4207.0,3949.5,3692.0,3434.5,3177.0,2919.5,2662.0,2394.0,2002.0,3083.8,7518.0,6768.0,10134.0,13326.0,8440.0,0,0,0,0,0,0,0,0,0,0,0,0,0,0,0,0,0,0,0,0,0,0,0,0,0,0,0,0,0
26,Burkina Faso,58.2,58.2,87.30000000000001,51.0,18.0,9.120000000000001,79.4,152.7,884.22,189.79000000000002,153.54,117.31,81.08,44.84,4.16,185.76999999999998,219.54000000000002,584.9,382.37,264.86,885.78,1686.0,1686.0,1686.0,1686.0,1686.0,1686.0,1686.0,1686.0,1686.0,1686.0,0,0,0,0,0,0,0,0,0,0,0,0,0,0,0,0,0,0,0,0,0,0,0,0,0,0,0,0,0
27,Burundi,184.16,184.16,276.24,290.96999999999997,253.35,432.59999999999997,621.3,339.68,321.87,450.71999999999997,329.61,217.68,294.3,791.1,1524.78,914.49,571.53,1237.98,1369.32,360.33,534.4899999999999,156.64000000000001,202.26999999999998,1912.12,223.19,217.64,150.78,100.52,100.52,100.52,100.52,0,0,0,0,0,0,0,0,0,0,0,0,0,0,0,0,0,0,0,0,0,0,0,0,0,0,0,0,0
28,Cabo Verde,2.0,2.0,2.0,2.0,6.0,2.04,1.5,5.22,16.08,28.0,17.0,15.0,10.0,10.0,10.0,10.0,10.0,10.0,10.0,10.0,10.0,10.0,10.0,10.0,10.0,10.0,10.0,10.0,10.0,10.0,10.0,0,0,0,0,0,0,0,0,0,0,0,0,0,0,0,0,0,0,0,0,0,0,0,0,0,0,0,0,0
29,Cambodia,0.0,0.0,0.0,0.0,0.0,0.0,0.0,0.0,0.0,0.0,0.0,0.0,0.0,0.0,0.0,0.0,0.0,0.0,0.0,0.0,0.0,0.0,0.0,0.0,0.0,0.0,0.0,0.0,0.0,0.0,0.0,0,0,0,0,0,0,0,0,0,0,0,0,0,0,0,0,0,0,0,0,0,0,0,0,0,0,0,0,0
30,Cameroon,6607.32,3488.3900000000003,4976.62,2490.64,1293.68,145.05,539.4399999999999,1890.36,773.06,1951.0,1635.0,2061.0,4393.09,4499.4800000000005,5060.92,4518.81,5516.570000000001,5649.26,5198.87,4646.31,6949.38,7937.77,8021.4800000000005,9072.31,10959.1,11676.28,9662.25,14137.27,14643.19,14643.19,14643.19,0,0,0,0,0,0,0,0,0,0,0,0,0,0,0,0,0,0,0,0,0,0,0,0,0,0,0,0,0
31,Canada,88504.0,58955.0,58774.0,58593.0,87528.0,64469.94,70527.88,76585.82,82643.78,88701.72,79436.86,77002.0,68529.14,71256.28,72327.42,72764.58,73171.22,90292.9,107414.6,109058.79999999999,122100.0,124214.4,147017.8,163319.6,152628.0,150636.6,181852.0,196608.0,175264.0,157786.0,157786.0,0,0,0,0,0,0,0,0,0,0,0,0,0,0,0,0,0,0,0,0,0,0,0,0,0,0,0,0,0
32,Central African Republic,0.08,0.08,0.12,0.75,6.48,68.61,45.74,45.74,45.74,45.74,45.74,45.74,45.74,45.74,45.74,45.74,45.74,45.74,45.74,45.74,45.74,45.74,45.74,45.74,45.74,45.74,45.74,45.74,45.74,45.74,45.74,0,0,0,0,0,0,0,0,0,0,0,0,0,0,0,0,0,0,0,0,0,0,0,0,0,0,0,0,0
33,Chad,193.0,180.0,135.0,15.0,45.0,6.0,3.0,126.0,84.0,84.0,84.0,84.0,84.0,84.0,84.0,84.0,84.0,84.0,84.0,84.0,84.0,84.0,84.0,84.0,84.0,84.0,84.0,84.0,84.0,84.0,84.0,0,0,0,0,0,0,0,0,0,0,0,0,0,0,0,0,0,0,0,0,0,0,0,0,0,0,0,0,0
34,Chile,30746.0,30746.0,30746.0,30746.0,30746.0,30746.0,30746.0,30746.0,30746.0,41777.0,28529.09,26312.18,24095.26,21878.35,27200.829999999998,19661.44,19661.44,19661.44,19661.44,19661.44,19661.44,19661.44,19661.44,19661.44,19661.44,19661.44,19661.44,19661.44,19661.44,19661.44,19661.44,0,0,0,0,0,0,0,0,0,0,0,0,0,0,0,0,0,0,0,0,0,0,0,0,0,0,0,0,0
35,China,358035.77,356464.77,371847.84,389395.92,449435.63,498931.2,513802.79,547522.14,573659.31,627304.52,596771.56,579134.21,597234.83,601010.15,619392.13,645485.8,677910.94,709720.9,716246.14,723762.8300000001,738491.51,753113.79,760144.72,763361.26,754509.85,747409.11,731644.16,701963.04,645849.43,602788.5,546751.5,0,0,0,0,0,0,0,0,0,0,0,0,0,0,0,0,0,0,0,0,0,0,0,0,0,0,0,0,0
36,"China, Hong Kong SAR",340.0,281.0,248.0,186.0,176.0,118.0,90.8,91.6,92.4,93.2,141.0,159.0,229.0,252.0,153.0,135.0,143.0,135.0,165.0,138.0,123.0,189.0,167.0,171.0,173.0,153.0,194.0,173.0,203.0,164.0,165.0,0,0,0,0,0,0,0,0,0,0,0,0,0,0,0,0,0,0,0,0,0,0,0,0,0,0,0,0,0
37,"China, Taiwan Province of",19908.0,19908.0,19908.0,19908.0,19908.0,19908.0,19908.0,18728.0,17862.0,22882.0,18014.0,16952.0,21094.0,20286.0,19406.0,18456.0,18028.0,18984.0,17560.0,17178.0,15700.0,16508.0,18792.0,19264.0,17238.0,18592.0,19008.0,21098.0,21098.0,21098.0,21098.0,0,0,0,0,0,0,0,0,0,0,0,0,0,0,0,0,0,0,0,0,0,0,0,0,0,0,0,0,0
38,"China, mainland",337833.03,336302.03,351707.1,369275.18,429320.89,478868.45999999996,493739.25,528637.8,555640.17,604264.58,578598.8200000001,562011.47,575908.09,580456.6699999999,599820.11,626862.12,659692.98,690551.78,698469.2,706476.33,722689.5,736460.19,741216.9,743957.94,737130.83,728568.11,712362.34,680605.79,624471.93,581437.0,525400.0,0,0,0,0,0,0,0,0,0,0,0,0,0,0,0,0,0,0,0,0,0,0,0,0,0,0,0,0,0
39,Colombia,36116.58,33634.0,30611.88,29923.62,34102.68,40312.46,36262.0,47965.0,182009.0,198030.0,227454.0,171030.59999999998,168046.52,177544.3,211028.38,235762.9,196657.26,164878.12,97077.94,102870.26,97236.92,107594.0,97455.46,109126.76,147488.68,67378.6,64784.0,75398.0,75546.0,139724.0,73422.0,0,0,0,0,0,0,0,0,0,0,0,0,0,0,0,0,0,0,0,0,0,0,0,0,0,0,0,0,0
40,Comoros,1.4,1.4,1.4,1.4,1.4,1.4,1.4,1.4,1.4,1.4,1.4,1.34,1.28,1.22,1.16,1.1,1.04,0.98,0.54,0.06,0.06,0.06,0.06,0.06,0.06,0.06,0.06,0.06,0.06,0.06,0.06,0,0,0,0,0,0,0,0,0,0,0,0,0,0,0,0,0,0,0,0,0,0,0,0,0,0,0,0,0
41,Congo,54.0,60.0,71.0,122.0,33.4,36.4,42.4,26.47,24.53,22.62,20.68,18.75,16.810000000000002,14.91,12.97,11.04,9.1,7.1899999999999995,5.25,3.32,1.74,1.74,1.74,1.74,1.74,1.74,1.74,1.74,1.74,1.74,1.74,0,0,0,0,0,0,0,0,0,0,0,0,0,0,0,0,0,0,0,0,0,0,0,0,0,0,0,0,0
42,Cook Islands,2.0,2.0,2.0,2.0,1.72,2.13,2.7,4.6899999999999995,4.54,4.3,4.3,3.7899999999999996,6.57,7.57,7.87,8.620000000000001,9.129999999999999,9.19,10.3,9.49,6.66,6.66,6.66,6.66,6.66,6.66,6.66,6.66,6.66,6.66,6.66,0,0,0,0,0,0,0,0,0,0,0,0,0,0,0,0,0,0,0,0,0,0,0,0,0,0,0,0,0
43,Costa Rica,2894.3,2894.3,2894.3,9478.3,2950.26,8339.27,16341.58,24472.32,23694.0,45142.0,42821.0,32112.0,23964.75,22669.47,23048.21,22618.95,22397.68,37380.55,39103.53,36210.47,42487.049999999996,38173.87,25151.07,24679.65,24208.22,23736.79,23265.38,22793.949999999997,20569.04,23732.04,28227.4,0,0,0,0,0,0,0,0,0,0,0,0,0,0,0,0,0,0,0,0,0,0,0,0,0,0,0,0,0
44,Croatia,0.0,0.0,4608.0,5350.65,6093.35,6836.0,9384.0,6083.27,5870.54,5657.81,5445.06,5232.34,5019.6,4806.88,4594.13,4367.91,4427.68,4158.4400000000005,4905.21,4269.98,3210.74,3364.63,3518.54,5387.84,6255.2,6877.29,5518.0,4650.0,4948.0,4590.0,4833.0,0,0,0,0,0,0,0,0,0,0,0,0,0,0,0,0,0,0,0,0,0,0,0,0,0,0,0,0,0
45,Cuba,0.0,0.0,0.0,0.0,0.0,0.0,0.0,0.0,0.0,0.0,0.0,0.0,0.0,0.0,0.0,0.0,0.0,0.0,0.0,0.0,0.0,0.0,0.0,0.0,0.0,0.0,0.0,0.0,0.0,0.0,0.0,0,0,0,0,0,0,0,0,0,0,0,0,0,0,0,0,0,0,0,0,0,0,0,0,0,0,0,0,0
46,Cyprus,6476.83,5840.53,5069.79,5986.41,7296.9,6010.81,7156.87,6539.67,3462.27,2476.3500000000004,2023.44,2356.42,2121.14,1592.87,1434.59,1356.32,1722.04,1069.77,955.51,1457.22,1264.96,3213.5499999999997,3259.1400000000003,2486.2,2407.42,3103.5699999999997,2914.4600000000005,3407.76,3630.75,3711.04,3577.1000000000004,0,0,0,0,0,0,0,0,0,0,0,0,0,0,0,0,0,0,0,0,0,0,0,0,0,0,0,0,0
47,Czechia,0.0,0.0,0.0,10411.3,10592.45,11079.6,10653.3,11945.09,12644.09,12280.060000000001,13092.6,13372.4,14256.210000000001,13211.34,15083.189999999999,15316.45,16113.09,17651.97,10880.0,9519.8,9914.8,10612.12,10690.8,10293.960000000001,9366.779999999999,8945.74,8866.0,8866.0,8184.0,7816.4,7030.2,0,0,0,0,0,0,0,0,0,0,0,0,0,0,0,0,0,0,0,0,0,0,0,0,0,0,0,0,0
48,Czechoslovakia,0.0,0.0,0.0,0.0,0.0,0.0,0.0,0.0,0.0,0.0,0.0,0.0,0.0,0.0,0.0,0.0,0.0,0.0,0.0,0.0,0.0,0.0,0.0,0.0,0.0,0.0,0.0,0.0,0.0,0.0,0.0,0,0,0,0,0,0,0,0,0,0,0,0,0,0,0,0,0,0,0,0,0,0,0,0,0,0,0,0,0
49,Côte d'Ivoire,32.0,32.0,32.0,48.0,429.0,402.0,279.0,186.04,186.09,186.13,186.19,186.23,186.28,186.32,186.36,186.4,186.45000000000002,186.5,186.54999999999998,186.59,186.64,186.68,186.72,186.77,186.82,186.86,186.91,44.21,58.67,184.52,177.12,0,0,0,0,0,0,0,0,0,0,0,0,0,0,0,0,0,0,0,0,0,0,0,0,0,0,0,0,0
50,Democratic People's Republic of Korea,0.0,0.0,0.0,0.0,0.0,0.0,0.0,0.0,0.0,0.0,0.0,0.0,0.0,0.0,0.0,0.0,0.0,0.0,0.0,0.0,0.0,0.0,0.0,0.0,0.0,139934.44,168598.77,195347.09,233221.11,0.0,0.0,0,0,0,0,0,0,0,0,0,0,0,0,0,0,0,0,0,0,0,0,0,0,0,0,0,0,0,0,0
51,Democratic Republic of the Congo,0.0,0.0,0.0,0.0,0.0,0.0,0.0,0.0,0.0,0.0,0.0,0.0,0.0,0.0,0.0,0.0,0.0,0.0,0.0,0.0,0.0,0.0,0.0,0.0,0.0,0.0,0.0,0.0,0.0,0.0,0.0,0,0,0,0,0,0,0,0,0,0,0,0,0,0,0,0,0,0,0,0,0,0,0,0,0,0,0,0,0
52,Denmark,11300.0,9256.0,9132.0,8206.0,7844.0,14795.0,7344.0,7358.0,7246.0,5734.0,9249.0,9581.0,5736.0,5908.0,5798.0,6492.0,6424.0,6672.0,8290.0,5672.0,7788.0,8498.96,11432.0,8236.0,3559.78,5187.56,5117.92,5406.0,5294.0,5328.0,6342.0,0,0,0,0,0,0,0,0,0,0,0,0,0,0,0,0,0,0,0,0,0,0,0,0,0,0,0,0,0
53,Djibouti,0.0,0.0,0.0,0.0,0.0,0.0,0.0,0.0,0.0,0.0,0.0,0.0,0.0,0.0,0.0,0.0,0.0,0.0,0.0,0.0,0.0,0.0,0.0,0.0,0.0,0.0,0.0,0.0,0.0,0.0,0.0,0,0,0,0,0,0,0,0,0,0,0,0,0,0,0,0,0,0,0,0,0,0,0,0,0,0,0,0,0
54,Dominica,0.0,0.0,0.0,0.0,0.0,0.0,0.0,0.0,0.0,0.0,0.0,0.0,0.0,0.0,0.0,0.0,0.0,0.0,0.0,0.0,0.0,0.0,0.0,0.0,0.0,0.0,0.0,0.0,0.0,0.0,0.0,0,0,0,0,0,0,0,0,0,0,0,0,0,0,0,0,0,0,0,0,0,0,0,0,0,0,0,0,0
55,Dominican Republic,9942.0,9942.0,9942.0,9942.0,14821.0,10219.0,10413.0,11423.0,12977.0,10802.0,14874.0,21392.0,8036.13,2552.72,10763.04,10118.42,11903.77,16341.78,15854.660000000002,17286.71,18487.52,12768.45,12903.66,13038.869999999999,13174.07,10056.86,11748.9,13630.9,14138.9,14138.9,14138.9,0,0,0,0,0,0,0,0,0,0,0,0,0,0,0,0,0,0,0,0,0,0,0,0,0,0,0,0,0
56,Ecuador,5074.0,4754.0,4024.0,3688.0,5340.0,7954.0,7204.0,22826.0,51450.0,35765.0,45436.0,20500.0,3905.7999999999997,91902.17,89395.66,55172.19,23857.31,42316.14,46168.42,28990.05,94486.79,52441.35,34362.79,19212.05,67147.88,89129.32,78479.2,75616.0,74816.4,68162.6,68162.6,0,0,0,0,0,0,0,0,0,0,0,0,0,0,0,0,0,0,0,0,0,0,0,0,0,0,0,0,0
57,Egypt,37406.0,23368.0,17110.0,11260.0,8566.01,8781.99,8998.0,9214.01,9429.99,9646.0,9862.01,10077.99,10294.0,10510.01,10725.99,10942.0,19562.0,18210.0,19054.0,18026.0,23180.0,25890.0,27982.0,27306.0,22726.0,16087.42,16828.050000000003,19976.03,22704.98,22704.98,22704.98,0,0,0,0,0,0,0,0,0,0,0,0,0,0,0,0,0,0,0,0,0,0,0,0,0,0,0,0,0
58,El Salvador,5048.0,8192.0,7881.54,7571.08,7260.62,6950.17,6639.7,6329.25,6018.780000000001,5708.3099999999995,5397.86,5087.39,4776.94,4466.48,4156.02,5683.099999999999,6676.639999999999,5751.7300000000005,11586.07,9874.31,10650.1,9550.93,7607.8099999999995,17842.5,16796.07,6058.46,6037.4,14302.060000000001,14234.0,12166.94,15141.449999999999,0,0,0,0,0,0,0,0,0,0,0,0,0,0,0,0,0,0,0,0,0,0,0,0,0,0,0,0,0
59,Equatorial Guinea,0.0,0.0,0.0,0.0,0.0,0.0,0.0,0.0,0.0,0.0,0.0,0.0,0.0,0.0,0.0,0.0,0.0,0.0,0.0,0.0,0.0,0.0,0.0,0.0,0.0,0.0,0.0,0.0,0.0,0.0,0.0,0,0,0,0,0,0,0,0,0,0,0,0,0,0,0,0,0,0,0,0,0,0,0,0,0,0,0,0,0
60,Eritrea,0.0,0.0,0.0,8.88,8.88,8.88,13.32,92.76,58.83,44.56,49.92,82.75999999999999,55.26,55.26,55.26,55.26,55.26,55.26,55.26,55.26,55.26,55.26,55.26,55.26,55.26,55.26,55.26,55.26,55.26,55.26,55.26,0,0,0,0,0,0,0,0,0,0,0,0,0,0,0,0,0,0,0,0,0,0,0,0,0,0,0,0,0
61,Estonia,0.0,0.0,1358.0,494.0,503.0,443.0,378.0,400.0,390.0,374.0,630.0,658.0,973.0,946.0,1024.0,1139.0,1316.0,1337.0,1587.0,1186.0,1521.0,1344.0,1615.0,1643.0,1696.0,1188.0,1424.0,1691.2,1599.47,2138.04,1704.13,0,0,0,0,0,0,0,0,0,0,0,0,0,0,0,0,0,0,0,0,0,0,0,0,0,0,0,0,0
62,Eswatini,0.0,0.0,0.0,0.0,0.0,0.0,0.0,0.0,0.0,0.0,0.0,0.0,0.0,0.0,0.0,0.0,0.0,0.0,0.0,0.0,0.0,0.0,0.0,0.0,0.0,0.0,0.0,0.0,0.0,0.0,0.0,0,0,0,0,0,0,0,0,0,0,0,0,0,0,0,0,0,0,0,0,0,0,0,0,0,0,0,0,0
63,Ethiopia,0.0,0.0,0.0,484.0,484.0,726.0,1149.0,766.0,1149.0,985.0,1805.0,1889.0,1645.34,2030.7,2416.06,2801.4,5206.2,5187.8,4541.2,7398.4,8256.2,8256.2,8256.2,8256.2,8256.2,8256.2,8256.2,8256.2,8256.2,8256.2,8256.2,0,0,0,0,0,0,0,0,0,0,0,0,0,0,0,0,0,0,0,0,0,0,0,0,0,0,0,0,0
64,Ethiopia PDR,0.0,0.0,0.0,0.0,0.0,0.0,0.0,0.0,0.0,0.0,0.0,0.0,0.0,0.0,0.0,0.0,0.0,0.0,0.0,0.0,0.0,0.0,0.0,0.0,0.0,0.0,0.0,0.0,0.0,0.0,0.0,0,0,0,0,0,0,0,0,0,0,0,0,0,0,0,0,0,0,0,0,0,0,0,0,0,0,0,0,0
65,Faroe Islands,37.87,42.54,41.72,40.75,40.85,40.769999999999996,41.18,42.05,40.85,40.230000000000004,39.44,39.16,39.04,38.78,38.06,38.78,38.480000000000004,38.55,39.07,38.79,38.959999999999994,39.55,39.89,39.900000000000006,40.14,39.989999999999995,43.129999999999995,47.84,46.67,47.45,50.41,0,0,0,0,0,0,0,0,0,0,0,0,0,0,0,0,0,0,0,0,0,0,0,0,0,0,0,0,0
66,Fiji,305.92,1407.1,279.51,329.88,380.25,430.63,480.99,531.37,581.74,632.12,682.49,732.86,783.23,833.61,883.98,934.36,984.72,1035.1,1085.47,1419.3899999999999,1379.93,1420.21,1611.0700000000002,1538.15,2026.24,1435.08,1628.02,1458.19,2458.5699999999997,2458.5699999999997,2458.5699999999997,0,0,0,0,0,0,0,0,0,0,0,0,0,0,0,0,0,0,0,0,0,0,0,0,0,0,0,0,0
67,Finland,10350.16,9140.08,9426.34,9375.76,9124.3,5698.52,5806.24,7184.3,9200.119999999999,9431.28,8301.27,9495.17,11017.77,11071.27,10967.98,11276.53,12070.57,9535.609999999999,9155.99,11215.939999999999,9301.18,9728.300000000001,10008.92,10319.13,8873.46,9838.24,8753.5,8486.0,9634.0,7958.0,9826.0,0,0,0,0,0,0,0,0,0,0,0,0,0,0,0,0,0,0,0,0,0,0,0,0,0,0,0,0,0
68,France,195402.0,206868.0,170498.0,183906.0,179030.0,246868.0,288059.0,219584.0,215506.0,229390.0,282538.0,288128.0,239334.0,215111.0,217935.0,224166.0,204389.0,220338.0,157154.0,127352.0,123806.0,178931.19,185653.28,194733.48,219607.2,195021.74,210561.74000000002,205732.7,249828.56000000003,160450.91999999998,192322.78,0,0,0,0,0,0,0,0,0,0,0,0,0,0,0,0,0,0,0,0,0,0,0,0,0,0,0,0,0
69,French Guyana,0.0,0.0,0.0,0.0,0.0,0.0,0.0,0.0,0.0,0.0,0.0,0.0,0.0,0.0,0.0,0.0,0.0,0.0,0.0,0.0,0.0,0.0,0.0,0.0,0.0,0.0,0.0,0.0,0.0,0.0,0.0,0,0,0,0,0,0,0,0,0,0,0,0,0,0,0,0,0,0,0,0,0,0,0,0,0,0,0,0,0
70,French Polynesia,82.6,82.6,82.6,82.6,82.6,82.6,82.6,82.6,82.6,82.6,82.6,82.6,121.1,88.67,138.67,160.76,131.93,141.57,158.47,134.83,80.86,126.57000000000001,84.13000000000001,73.82,104.47,95.04,75.0,53.0,79.0,76.5,88.10000000000001,0,0,0,0,0,0,0,0,0,0,0,0,0,0,0,0,0,0,0,0,0,0,0,0,0,0,0,0,0
71,Gabon,0.0,0.0,0.0,0.0,0.0,0.0,0.0,0.0,0.0,0.0,0.0,0.0,0.0,0.0,0.0,0.0,0.0,0.0,0.0,0.0,0.0,0.0,0.0,0.0,0.0,0.0,0.0,0.0,0.0,0.0,0.0,0,0,0,0,0,0,0,0,0,0,0,0,0,0,0,0,0,0,0,0,0,0,0,0,0,0,0,0,0
72,Gambia,68.0,68.0,102.0,60.12,6.0600000000000005,24.119999999999997,24.93,149.46,282.32,415.16,548.0,474.0,500.0,690.0,1118.0,1626.0,4122.0,1176.0,1176.0,1176.0,1176.0,1176.0,1176.0,1176.0,1176.0,1176.0,1176.0,1176.0,1176.0,1176.0,1176.0,0,0,0,0,0,0,0,0,0,0,0,0,0,0,0,0,0,0,0,0,0,0,0,0,0,0,0,0,0
73,Georgia,0.0,0.0,6162.2,6162.2,6162.2,6162.2,6162.2,6162.2,6162.2,6162.2,6162.2,6162.2,6162.2,6162.2,6162.2,6162.2,6162.2,6162.2,6162.2,6162.2,6162.2,6162.2,6162.2,6162.2,6162.2,2701.9700000000003,2962.06,3476.38,4474.52,5131.88,5726.6,0,0,0,0,0,0,0,0,0,0,0,0,0,0,0,0,0,0,0,0,0,0,0,0,0,0,0,0,0
74,Germany,91315.0,93054.0,84957.0,72535.0,76651.0,87434.0,91625.0,88064.0,96265.0,87205.0,98327.58,91458.54000000001,94864.09,97623.29000000001,95345.22,99681.49,105319.01,111212.55,118438.52,106341.47,110259.51999999999,117189.98000000001,121452.3,117028.3,123561.34999999999,126400.69,136386.0,141193.0,132372.0,133278.0,141087.0,0,0,0,0,0,0,0,0,0,0,0,0,0,0,0,0,0,0,0,0,0,0,0,0,0,0,0,0,0
75,Ghana,131.6,131.6,131.6,131.6,131.6,197.4,4726.5,1504.0,893.3399999999999,338.39,244.82999999999998,246.0,236.36,220.28,4603.02,1179.06,1779.0900000000001,4886.09,718.9300000000001,772.32,2778.45,4784.58,6790.72,8796.84,10802.98,17768.78,18573.88,19379.0,19379.0,19379.0,19379.0,0,0,0,0,0,0,0,0,0,0,0,0,0,0,0,0,0,0,0,0,0,0,0,0,0,0,0,0,0
76,Greece,14840.0,14840.0,15738.0,17652.0,18603.0,19467.0,21268.0,26716.0,21404.0,19270.0,21254.0,21450.0,25507.32,24712.64,26289.96,27917.28,20315.6,19665.4,14452.300000000001,9608.5,15231.599999999999,23203.8,22515.3,22840.61,26746.420000000002,25377.97,25893.0,19807.0,26862.0,26776.0,24984.0,0,0,0,0,0,0,0,0,0,0,0,0,0,0,0,0,0,0,0,0,0,0,0,0,0,0,0,0,0
77,Grenada,0.0,0.0,0.0,0.0,0.0,0.0,0.0,0.0,0.0,0.0,0.0,0.0,0.0,0.0,0.0,0.0,0.0,0.0,0.0,0.0,0.0,0.0,0.0,0.0,0.0,0.0,0.0,0.0,0.0,0.0,0.0,0,0,0,0,0,0,0,0,0,0,0,0,0,0,0,0,0,0,0,0,0,0,0,0,0,0,0,0,0
78,Guadeloupe,0.0,0.0,0.0,0.0,0.0,0.0,0.0,0.0,0.0,0.0,0.0,0.0,0.0,0.0,0.0,0.0,0.0,0.0,0.0,0.0,0.0,0.0,0.0,0.0,0.0,0.0,0.0,0.0,0.0,0.0,0.0,0,0,0,0,0,0,0,0,0,0,0,0,0,0,0,0,0,0,0,0,0,0,0,0,0,0,0,0,0
79,Guatemala,24008.66,24008.66,24008.66,24008.66,24008.66,24008.66,35967.99,22854.969999999998,21701.28,20547.59,19393.870000000003,20089.24,20784.61,32219.969999999998,35871.76,40499.66,47845.81,68636.51000000001,54272.009999999995,39830.1,44694.75,47999.82,57541.6,58282.3,22877.84,20080.81,22888.98,22604.24,23683.41,23683.41,23683.41,0,0,0,0,0,0,0,0,0,0,0,0,0,0,0,0,0,0,0,0,0,0,0,0,0,0,0,0,0
80,Guinea,160.0,160.0,240.0,63.0,117.0,457.0,471.0,471.22,362.91,411.61,460.3,508.99,557.69,606.39,655.06,703.75,752.4300000000001,801.1400000000001,849.8199999999999,1347.78,1112.49,1326.45,1540.42,2631.57,1201.95,564.6,491.88,618.9,325.5,331.5,221.0,0,0,0,0,0,0,0,0,0,0,0,0,0,0,0,0,0,0,0,0,0,0,0,0,0,0,0,0,0
81,Guinea-Bissau,96.0,114.0,12.0,75.0,42.0,34.0,26.009999999999998,18.0,10.01,3.0,83.0,246.0,164.0,164.0,164.0,164.0,164.0,164.0,164.0,164.0,164.0,164.0,164.0,164.0,164.0,164.0,164.0,164.0,164.0,164.0,164.0,0,0,0,0,0,0,0,0,0,0,0,0,0,0,0,0,0,0,0,0,0,0,0,0,0,0,0,0,0
82,Guyana,579.8,579.8,579.8,579.8,579.8,579.8,579.8,579.8,579.8,579.8,579.8,579.8,579.8,579.8,869.7,812.34,1029.36,739.5,702.81,793.4100000000001,635.49,1202.28,1283.19,1076.16,718.08,718.72,719.36,719.98,720.62,721.26,1374.41,0,0,0,0,0,0,0,0,0,0,0,0,0,0,0,0,0,0,0,0,0,0,0,0,0,0,0,0,0
83,Haiti,51.42,56.58,34.56,20.88,25.74,36.96,43.32,55.05,71.34,78.96000000000001,83.55,55.7,55.7,55.7,55.7,55.7,55.7,55.7,55.7,55.7,55.7,55.7,55.7,55.7,55.7,55.7,55.7,55.7,55.7,55.7,55.7,0,0,0,0,0,0,0,0,0,0,0,0,0,0,0,0,0,0,0,0,0,0,0,0,0,0,0,0,0
84,Honduras,15810.22,12170.560000000001,20077.76,13536.0,10910.72,15600.0,12928.0,13960.0,6990.0,4774.0,8752.0,2282.0,3544.59,4807.21,6069.8099999999995,7332.43,12155.53,15003.59,14543.06,12450.24,16524.58,17908.63,20065.739999999998,14564.77,15208.09,16227.0,15058.250000000002,16306.46,17565.210000000003,16428.78,16428.78,0,0,0,0,0,0,0,0,0,0,0,0,0,0,0,0,0,0,0,0,0,0,0,0,0,0,0,0,0
85,Hungary,38045.0,24085.0,17253.0,30538.0,28629.0,23068.0,20764.0,13233.0,15694.0,13629.0,12347.0,16234.0,16463.0,17451.0,19881.0,19352.0,23046.0,22356.0,24168.0,22288.0,20599.0,16946.52,16282.34,15489.0,18022.0,18974.399999999998,19526.0,19520.0,17078.0,15652.0,17378.0,0,0,0,0,0,0,0,0,0,0,0,0,0,0,0,0,0,0,0,0,0,0,0,0,0,0,0,0,0
86,Iceland,6.42,6.42,6.42,6.42,6.42,6.42,6.42,6.42,6.42,9.61,12.52,14.200000000000001,8.0,8.0,12.0,10.0,10.0,15.959999999999999,17.07,13.08,8.190000000000001,10.290000000000001,9.42,7.23,11.61,11.870000000000001,8.0,6.0,6.0,2.95,2.07,0,0,0,0,0,0,0,0,0,0,0,0,0,0,0,0,0,0,0,0,0,0,0,0,0,0,0,0,0
87,India,224972.0,216360.0,212330.0,197321.0,182005.0,178550.0,164458.0,154697.0,147059.0,137682.0,89915.04,87440.08,84965.12,123712.24,105304.0,105992.0,111430.0,81881.98,43314.97,86070.9,120196.63,111080.01,105959.99,91240.0,112535.33,113440.24,117268.87000000001,126811.56,119339.86,123403.8,123403.8,0,0,0,0,0,0,0,0,0,0,0,0,0,0,0,0,0,0,0,0,0,0,0,0,0,0,0,0,0
88,Indonesia,4864.0,6518.0,1650.0,3194.0,3194.0,3194.0,3194.0,3194.0,3194.0,3194.0,3194.0,3194.0,3194.0,3194.0,3194.0,3194.0,3194.0,3194.0,3194.0,3194.0,3194.0,3194.0,3194.0,3194.0,3194.0,3194.0,3194.0,3194.0,3194.0,3194.0,3194.0,0,0,0,0,0,0,0,0,0,0,0,0,0,0,0,0,0,0,0,0,0,0,0,0,0,0,0,0,0
89,Iran (Islamic Republic of),25532.0,37047.0,30847.0,28320.0,27687.0,26232.0,15990.0,12695.75,14727.48,16759.24,18790.96,18015.6,19184.32,20258.94,20030.62,15615.28,16506.96,11845.75,6033.78,8099.08,8763.18,17414.97,27714.530000000002,24246.41,13219.8,13451.14,35025.630000000005,13743.46,11488.84,9954.86,11711.86,0,0,0,0,0,0,0,0,0,0,0,0,0,0,0,0,0,0,0,0,0,0,0,0,0,0,0,0,0
90,Iraq,1384.0,1384.0,1384.0,1384.0,2076.0,2448.0,1848.0,2544.0,2265.0,1524.0,1644.0,1674.94,1757.36,1707.29,1657.24,1746.02,1648.28,2125.22,1913.04,1700.85,1488.67,1276.47,1064.3,852.1,792.01,393.5,302.93,429.57,567.98,567.98,567.98,0,0,0,0,0,0,0,0,0,0,0,0,0,0,0,0,0,0,0,0,0,0,0,0,0,0,0,0,0
91,Ireland,4028.0,4028.0,4028.0,4028.0,5926.0,6342.0,4648.0,6476.0,6606.0,5661.0,5693.79,6847.09,7596.81,8004.67,8736.56,7700.67,8158.92,9086.06,8159.51,6725.3,7333.599999999999,10803.9,8532.3,8592.4,8770.66,6248.4,7490.0,8234.0,7768.01,8719.42,5928.929999999999,0,0,0,0,0,0,0,0,0,0,0,0,0,0,0,0,0,0,0,0,0,0,0,0,0,0,0,0,0
92,Israel,4982.0,4982.0,4982.0,4982.0,4982.0,4982.0,4982.0,4982.0,4982.0,5950.04,6918.08,7886.110000000001,8854.14,9822.19,10790.22,11758.26,12726.28,13694.33,21601.690000000002,18074.0,18484.0,16433.8,16152.6,16037.9,17465.0,17733.0,16935.0,19062.0,20124.0,19428.0,13966.0,0,0,0,0,0,0,0,0,0,0,0,0,0,0,0,0,0,0,0,0,0,0,0,0,0,0,0,0,0
93,Italy,201192.8,177833.2,176455.2,178564.4,162435.2,168306.0,149234.4,169598.0,244699.0,236532.0,229897.0,219809.0,274525.0,249518.0,243099.0,245882.0,215920.0,234552.0,233256.0,214823.0,208055.0,205815.0,180097.0,161177.0,173720.0,183972.0,174373.0,165378.0,158058.0,141546.0,165512.0,0,0,0,0,0,0,0,0,0,0,0,0,0,0,0,0,0,0,0,0,0,0,0,0,0,0,0,0,0
94,Jamaica,2434.88,2434.88,2434.88,2434.88,2434.88,2517.98,2632.22,1241.4,2189.68,2665.85,2758.44,2983.5,2745.26,2881.01,2710.23,2746.45,2487.16,2577.24,2573.68,2504.18,2068.36,2217.08,2557.92,2436.95,2277.58,2102.27,2818.2799999999997,3121.25,3522.3,3000.8,3699.59,0,0,0,0,0,0,0,0,0,0,0,0,0,0,0,0,0,0,0,0,0,0,0,0,0,0,0,0,0
95,Japan,159642.36,159642.36,159642.36,159642.36,159642.36,159642.36,159642.36,159642.36,159642.36,159642.36,238882.46,235488.1,210152.28,203001.44,193597.66,191026.44,195328.52,183110.74,175727.9,182387.5,166197.6,154880.2,163593.3,157944.1,160169.5,162041.74,152563.0,156284.0,156536.0,155425.0,103940.0,0,0,0,0,0,0,0,0,0,0,0,0,0,0,0,0,0,0,0,0,0,0,0,0,0,0,0,0,0
96,Jordan,2170.0,2738.0,4041.0,2293.0,1547.0,2147.0,2618.0,2520.0,2333.0,1486.0,1585.0,3055.07,3135.81,2641.82,1474.12,3472.9900000000002,2284.86,2702.22,2531.4,2179.0,1865.6,2223.8,1416.0,2020.0,1438.0,1332.0,2056.0,2582.8,1350.0,1350.0,1350.0,0,0,0,0,0,0,0,0,0,0,0,0,0,0,0,0,0,0,0,0,0,0,0,0,0,0,0,0,0
97,Kazakhstan,0.0,0.0,34364.0,34364.0,47629.0,36461.0,37262.0,23751.0,12832.28,9440.56,6048.84,6014.52,6723.68,7213.1,7605.84,7333.24,7852.54,11151.779999999999,14089.8,17432.28,12567.7,21313.2,17349.16,17476.76,22317.54,21177.8,20744.2,27622.2,26116.0,26204.8,28984.02,0,0,0,0,0,0,0,0,0,0,0,0,0,0,0,0,0,0,0,0,0,0,0,0,0,0,0,0,0
98,Kenya,6938.0,6938.0,6938.0,6938.0,6938.0,9214.0,12688.0,10344.0,8228.01,6111.99,5994.0,4734.0,3156.0,3156.0,3156.0,3156.0,3156.0,3156.0,3156.0,3156.0,3156.0,3156.0,3156.0,3156.0,3156.0,3156.0,3156.0,3156.0,3156.0,3156.0,3156.0,0,0,0,0,0,0,0,0,0,0,0,0,0,0,0,0,0,0,0,0,0,0,0,0,0,0,0,0,0
99,Kiribati,0.0,0.0,0.0,0.0,0.0,0.0,0.0,0.0,0.0,0.0,0.0,0.0,0.0,0.0,0.0,0.0,0.0,0.0,0.0,0.0,0.0,0.0,0.0,0.0,0.0,0.0,0.0,0.0,0.0,0.0,0.0,0,0,0,0,0,0,0,0,0,0,0,0,0,0,0,0,0,0,0,0,0,0,0,0,0,0,0,0,0
100,Kuwait,28.0,28.0,28.0,28.0,28.0,41.0,54.0,60.0,95.0,64.0,64.0,64.0,64.0,64.0,64.0,64.0,64.0,64.0,64.0,64.0,64.0,64.0,64.0,64.0,64.0,64.0,64.0,64.0,64.0,64.0,64.0,0,0,0,0,0,0,0,0,0,0,0,0,0,0,0,0,0,0,0,0,0,0,0,0,0,0,0,0,0
101,Kyrgyzstan,0.0,0.0,7003.0,4401.72,3967.45,3533.19,3098.9,2664.62,2230.34,1796.0900000000001,1361.8000000000002,1219.2,1466.4,2605.2,2642.6,2162.2,1592.0,2052.4,1325.6,533.6,700.2,625.8,730.2,682.2,805.2,1032.0,1066.0,1120.0,1216.0,1354.6,1385.2,0,0,0,0,0,0,0,0,0,0,0,0,0,0,0,0,0,0,0,0,0,0,0,0,0,0,0,0,0
102,Lao People's Democratic Republic,42.0,42.0,59.0,134.0,71.18,50.39,29.58,13.14,1.98,1.94,3.84,3.58,4.59,5.63,6.63,7.64,12.99,1.32,0.21000000000000002,77.01,3.71,87.6,130.59,377.67,9.0,378.7,350.81,290.21000000000004,374.62,374.62,374.62,0,0,0,0,0,0,0,0,0,0,0,0,0,0,0,0,0,0,0,0,0,0,0,0,0,0,0,0,0
103,Latvia,0.0,0.0,2894.0,1393.0,870.0,1057.0,1058.0,974.0,1074.0,653.72,822.32,1067.35,987.11,1362.67,1709.0,2061.97,2120.12,3194.57,2937.6,2496.8,2915.7000000000003,3054.9,3722.12,2500.97,2834.78,3020.25,4731.93,4061.07,3173.98,3301.34,3800.82,0,0,0,0,0,0,0,0,0,0,0,0,0,0,0,0,0,0,0,0,0,0,0,0,0,0,0,0,0
104,Lebanon,2442.0,2442.0,2442.0,2442.0,2442.0,2442.0,2442.0,3632.0,3632.0,3632.0,3632.0,3632.0,3632.0,3632.0,3632.0,3632.0,3632.0,3632.0,3632.0,3632.0,3632.0,3632.0,3632.0,3632.0,3632.0,3632.0,3632.0,3632.0,3632.0,3632.0,3632.0,0,0,0,0,0,0,0,0,0,0,0,0,0,0,0,0,0,0,0,0,0,0,0,0,0,0,0,0,0
105,Lesotho,0.6,0.6,0.6,0.6,0.6,0.6,0.6,0.6,0.6,0.6,0.6,0.6,0.6,0.6,0.6499999999999999,1.09,15.23,105.75,106.86,222.97,231.35999999999999,514.63,807.02,186.76,131.48,138.32999999999998,145.16,255.0,651.46,156.94,56.8,0,0,0,0,0,0,0,0,0,0,0,0,0,0,0,0,0,0,0,0,0,0,0,0,0,0,0,0,0
106,Liberia,0.0,0.0,0.0,0.0,0.0,0.0,0.0,0.0,0.0,0.0,0.0,0.0,0.0,0.0,0.0,0.0,0.0,0.0,0.0,0.0,0.0,0.0,0.0,0.0,0.0,0.0,0.0,0.0,0.0,0.0,0.0,0,0,0,0,0,0,0,0,0,0,0,0,0,0,0,0,0,0,0,0,0,0,0,0,0,0,0,0,0
107,Libya,5605.52,5605.52,5605.52,5605.52,5605.52,5605.52,5605.52,5605.52,5605.52,5605.52,5605.52,5605.52,5605.52,5605.52,5605.52,5605.52,3446.58,2349.74,2403.56,3568.04,2088.34,3884.15,3438.54,2992.92,2547.32,2101.7299999999996,1656.1299999999999,1297.94,1575.08,1575.08,1575.08,0,0,0,0,0,0,0,0,0,0,0,0,0,0,0,0,0,0,0,0,0,0,0,0,0,0,0,0,0
108,Lithuania,0.0,0.0,3990.0,2755.0,2120.0,2193.0,2913.0,2756.0,2400.0,2054.0,2028.1799999999998,2127.27,1585.2,1694.4,2047.2,2097.0,2394.0,7859.860000000001,7753.35,7713.7,5107.86,5943.52,7346.200000000001,6947.24,6830.3,7255.6,8516.0,7606.0,5566.0,6076.54,7086.28,0,0,0,0,0,0,0,0,0,0,0,0,0,0,0,0,0,0,0,0,0,0,0,0,0,0,0,0,0
109,Luxembourg,0.0,0.0,0.0,0.0,0.0,0.0,0.0,0.0,0.0,0.0,308.49,308.49,308.49,308.49,308.49,308.49,308.49,308.49,308.49,308.49,308.49,308.49,308.49,310.38,262.65999999999997,316.18,450.5,383.59000000000003,395.18,400.23,392.86,0,0,0,0,0,0,0,0,0,0,0,0,0,0,0,0,0,0,0,0,0,0,0,0,0,0,0,0,0
110,Madagascar,385.23,393.0,303.18,328.23,228.45,219.24,447.03,419.66999999999996,264.65,148.48,376.38,262.77,481.68,412.14,194.68,343.53000000000003,322.90000000000003,281.64,328.34000000000003,402.46,725.67,930.1800000000001,1132.63,1520.76,1360.3700000000001,1204.17,1477.7,1924.69,2101.98,2237.7,2291.2400000000002,0,0,0,0,0,0,0,0,0,0,0,0,0,0,0,0,0,0,0,0,0,0,0,0,0,0,0,0,0
111,Malawi,343.59,343.59,343.59,343.59,343.59,343.59,343.59,757.1899999999999,624.45,586.85,1005.37,339.8,258.72,177.64,138.98000000000002,886.53,603.79,1555.77,1755.7,2034.65,1686.53,1627.68,2284.9300000000003,4347.48,6890.92,4716.02,4716.02,4716.02,4716.02,4716.02,4716.02,0,0,0,0,0,0,0,0,0,0,0,0,0,0,0,0,0,0,0,0,0,0,0,0,0,0,0,0,0
112,Malaysia,78812.96,78812.96,78812.96,78812.96,78812.96,78812.96,78812.96,78812.96,78812.96,78812.96,78812.96,78812.96,78812.96,78812.96,78812.96,78812.96,118219.44,140605.05000000002,164465.73,157392.57,180584.49,124686.45,149431.4,184331.4,147590.14,189922.91,201863.0,152052.0,132341.0,143033.0,107655.8,0,0,0,0,0,0,0,0,0,0,0,0,0,0,0,0,0,0,0,0,0,0,0,0,0,0,0,0,0
113,Maldives,88.66,88.66,88.66,88.66,88.66,88.66,88.66,88.66,88.66,88.66,88.66,88.66,88.66,88.66,88.66,88.66,88.66,88.66,88.66,88.66,88.66,88.66,132.34,151.92,146.63,298.94,274.2,257.6,212.4,359.09999999999997,301.84,0,0,0,0,0,0,0,0,0,0,0,0,0,0,0,0,0,0,0,0,0,0,0,0,0,0,0,0,0
114,Mali,1304.4099999999999,750.37,491.16999999999996,184.66,173.14999999999998,161.64,150.13,138.62,127.11,115.6,104.08999999999999,92.58,81.07,69.56,58.050000000000004,100.21,75.54,57.88,93.13000000000001,40.62,39.879999999999995,34.269999999999996,7.5,7.5,7.5,7.5,7.5,7.5,7.5,7.5,7.5,0,0,0,0,0,0,0,0,0,0,0,0,0,0,0,0,0,0,0,0,0,0,0,0,0,0,0,0,0
115,Malta,652.96,652.96,652.96,978.44,1340.69,630.93,461.8,774.0899999999999,778.38,415.37,543.73,334.3,226.5,229.47,232.42,235.37,238.34,361.9,242.55,243.78,245.03,246.26999999999998,247.52,248.75,374.77,232.14,214.3,196.44,178.59000000000003,203.9,203.9,0,0,0,0,0,0,0,0,0,0,0,0,0,0,0,0,0,0,0,0,0,0,0,0,0,0,0,0,0
116,Martinique,0.0,0.0,0.0,0.0,0.0,0.0,0.0,0.0,0.0,0.0,0.0,0.0,0.0,0.0,0.0,0.0,0.0,0.0,0.0,0.0,0.0,0.0,0.0,0.0,0.0,0.0,0.0,0.0,0.0,0.0,0.0,0,0,0,0,0,0,0,0,0,0,0,0,0,0,0,0,0,0,0,0,0,0,0,0,0,0,0,0,0
117,Mauritania,78.18,78.18,78.18,78.18,78.18,78.18,78.18,78.18,78.18,78.18,78.18,117.27000000000001,9.600000000000001,9.66,2107.5,3.3000000000000003,5.1,29.400000000000002,51.66,12.870000000000001,202.77,40.05,79.23,52.82,52.82,52.82,52.82,52.82,52.82,52.82,52.82,0,0,0,0,0,0,0,0,0,0,0,0,0,0,0,0,0,0,0,0,0,0,0,0,0,0,0,0,0
118,Mauritius,2617.0,1634.6,1491.2,1347.78,1204.38,1327.76,1251.78,1420.48,1281.56,1233.8,1287.34,1446.46,1540.7,1717.34,1630.04,1689.7,1794.04,1557.96,1750.22,1788.14,1833.04,1774.76,1620.22,1714.82,1687.24,1814.58,1834.08,1060.04,1012.5600000000001,1053.96,926.94,0,0,0,0,0,0,0,0,0,0,0,0,0,0,0,0,0,0,0,0,0,0,0,0,0,0,0,0,0
119,Mexico,53249.96,53249.96,53249.96,53249.96,53249.96,53249.96,53249.96,53249.96,53249.96,53249.96,53249.96,46743.4,23071.65,32570.32,37015.36,78343.8,76805.32,101788.68,100309.06,100655.8,104610.26,106439.26,98427.34,95102.3,86057.48,96585.98,94842.66,101603.88,106288.88,97978.4,83362.22,0,0,0,0,0,0,0,0,0,0,0,0,0,0,0,0,0,0,0,0,0,0,0,0,0,0,0,0,0
120,Micronesia (Federated States of),0.0,0.0,0.0,0.0,0.0,0.0,0.0,0.0,0.0,0.0,0.0,0.0,0.0,0.0,0.0,0.0,0.0,0.0,0.0,0.0,0.0,0.0,0.0,0.0,0.0,0.0,0.0,0.0,0.0,0.0,0.0,0,0,0,0,0,0,0,0,0,0,0,0,0,0,0,0,0,0,0,0,0,0,0,0,0,0,0,0,0
121,Mongolia,231.4,231.4,231.4,231.4,231.4,231.4,231.4,231.4,231.4,231.4,231.4,231.4,231.4,231.4,231.4,231.4,231.4,231.4,231.4,231.4,231.4,231.4,231.4,231.4,231.4,231.4,231.4,231.4,231.4,231.4,231.4,0,0,0,0,0,0,0,0,0,0,0,0,0,0,0,0,0,0,0,0,0,0,0,0,0,0,0,0,0
122,Montenegro,0.0,0.0,0.0,0.0,0.0,0.0,0.0,0.0,0.0,0.0,0.0,0.0,0.0,0.0,0.0,0.0,1.1,1.1,1.1,1.1,132.0,150.0,142.0,164.0,180.0,152.0,180.0,182.0,182.0,182.0,182.0,0,0,0,0,0,0,0,0,0,0,0,0,0,0,0,0,0,0,0,0,0,0,0,0,0,0,0,0,0
123,Morocco,18728.0,19542.29,20356.57,21170.86,21985.14,22799.43,23613.71,24428.0,25242.29,26056.57,26870.86,27685.14,28499.43,29313.71,43106.0,40884.0,39134.0,27394.0,27394.0,27394.0,27394.0,27394.0,27394.0,27394.0,27394.0,27394.0,27394.0,27394.0,27394.0,27394.0,27394.0,0,0,0,0,0,0,0,0,0,0,0,0,0,0,0,0,0,0,0,0,0,0,0,0,0,0,0,0,0
124,Mozambique,204.52,204.52,204.52,204.52,288.78,214.57,197.10999999999999,181.69,108.46,95.66,82.85,70.05,57.24,534.52,1146.52,1542.38,1785.62,1097.92,1781.03,1829.96,2378.04,1537.7,1459.68,1381.6499999999999,1303.6299999999999,3516.96,3335.0699999999997,2513.57,1069.56,1069.56,1069.56,0,0,0,0,0,0,0,0,0,0,0,0,0,0,0,0,0,0,0,0,0,0,0,0,0,0,0,0,0
125,Myanmar,622.24,342.0,453.54,480.99,570.0,794.28,411.72,436.62,565.75,840.43,1115.1,2072.75,2813.4599999999996,2566.44,3100.44,4336.5,11533.49,9930.369999999999,4277.57,3267.66,10001.76,13744.51,9121.5,8646.0,16217.2,23013.54,36143.0,51668.0,45914.0,51865.600000000006,35147.229999999996,0,0,0,0,0,0,0,0,0,0,0,0,0,0,0,0,0,0,0,0,0,0,0,0,0,0,0,0,0
126,Namibia,122.0,113.0,141.0,164.0,112.0,112.0,112.0,112.0,112.0,112.0,112.0,112.0,112.0,112.0,112.0,112.0,112.0,112.0,112.0,112.0,112.0,112.0,112.0,112.0,112.0,112.0,112.0,112.0,112.0,112.0,112.0,0,0,0,0,0,0,0,0,0,0,0,0,0,0,0,0,0,0,0,0,0,0,0,0,0,0,0,0,0
127,Nepal,120.22,120.22,120.22,120.22,120.22,178.32999999999998,140.87,161.5,182.14999999999998,202.79,223.42999999999998,244.07000000000002,264.72,285.35,350.83,321.18,304.25,750.82,814.66,480.68,760.13,800.3,959.4,1071.36,1253.64,1329.18,1265.51,1383.05,1500.62,1618.18,1363.0,0,0,0,0,0,0,0,0,0,0,0,0,0,0,0,0,0,0,0,0,0,0,0,0,0,0,0,0,0
128,Netherlands,27797.0,26713.0,25796.0,29619.0,17292.0,25202.0,17846.0,21136.0,23524.0,22304.0,32905.36,27177.63,27959.2,27442.86,30780.449999999997,31016.04,30091.33,34671.87,31027.949999999997,27890.08,27062.390000000003,24731.63,25527.42,24274.4,24140.32,30354.37,32244.24,32089.46,29139.15,21302.88,22550.81,0,0,0,0,0,0,0,0,0,0,0,0,0,0,0,0,0,0,0,0,0,0,0,0,0,0,0,0,0
129,New Caledonia,56.4,56.4,56.4,56.4,56.4,56.4,56.4,56.4,56.4,56.4,56.4,56.4,56.4,56.4,56.4,56.4,56.4,56.4,56.4,56.4,65.2,52.400000000000006,52.8,43.58,17.7,29.88,50.0,16.08,42.0,94.27,40.19,0,0,0,0,0,0,0,0,0,0,0,0,0,0,0,0,0,0,0,0,0,0,0,0,0,0,0,0,0
130,New Zealand,7480.0,7480.0,7480.0,7478.0,10295.0,11445.0,10177.0,7100.16,8883.32,7478.6,10686.6,9800.4,8738.4,8180.4,8498.4,8514.4,9174.4,10276.4,12112.4,10570.4,10570.4,10570.4,10570.4,10570.4,10570.4,10570.4,10570.4,10570.4,10570.4,10570.4,10570.4,0,0,0,0,0,0,0,0,0,0,0,0,0,0,0,0,0,0,0,0,0,0,0,0,0,0,0,0,0
131,Nicaragua,1150.0,1150.0,1725.0,2931.0,2397.0,2628.0,4083.3900000000003,6414.81,13119.300000000001,12289.48,11772.82,10806.78,17141.94,16832.94,13739.789999999999,28169.530000000002,20655.84,29536.489999999998,30495.0,28134.780000000002,36692.42,14795.44,13238.87,13411.0,13653.94,15691.81,15364.58,15993.06,14114.93,15739.86,15836.24,0,0,0,0,0,0,0,0,0,0,0,0,0,0,0,0,0,0,0,0,0,0,0,0,0,0,0,0,0
132,Niger,124.0,124.0,124.0,124.0,124.0,186.0,66.0,102.0,108.0,78.0,186.0,93.0,58.88,55.76,52.62,74.25,63.36,91.71000000000001,36.12,21.96,34.47,31.77,64.11,55.88,69.02,82.18,142.97,98.13,53.57,66.39999999999999,44.26,0,0,0,0,0,0,0,0,0,0,0,0,0,0,0,0,0,0,0,0,0,0,0,0,0,0,0,0,0
133,Nigeria,0.0,0.0,0.0,0.0,0.0,0.0,0.0,0.0,0.0,0.0,0.0,0.0,0.0,0.0,0.0,0.0,0.0,0.0,0.0,0.0,0.0,0.0,0.0,0.0,0.0,0.0,0.0,0.0,0.0,0.0,0.0,0,0,0,0,0,0,0,0,0,0,0,0,0,0,0,0,0,0,0,0,0,0,0,0,0,0,0,0,0
134,Niue,0.0,0.0,0.0,0.0,0.0,0.0,0.0,0.0,0.0,0.0,0.0,0.0,0.0,0.0,0.0,0.0,0.0,0.0,0.0,0.0,0.0,0.0,0.0,0.0,0.0,0.0,0.0,0.0,0.0,0.0,0.0,0,0,0,0,0,0,0,0,0,0,0,0,0,0,0,0,0,0,0,0,0,0,0,0,0,0,0,0,0
135,North Macedonia,0.0,0.0,1940.0,1318.0,1080.0,1146.0,1112.0,1014.0,1058.0,825.0,592.0,350.0,480.0,420.0,524.0,298.0,654.0,238.0,170.0,196.0,196.0,196.0,196.0,196.0,196.0,196.0,196.0,196.0,196.0,196.0,196.0,0,0,0,0,0,0,0,0,0,0,0,0,0,0,0,0,0,0,0,0,0,0,0,0,0,0,0,0,0
136,Norway,3503.0,2235.0,2258.7,1498.0,1696.0,2701.42,2055.74,2170.2799999999997,2678.04,2302.04,1041.77,1530.25,2388.8900000000003,1978.06,2394.13,1533.15,2053.4900000000002,2128.7400000000002,2353.09,1568.71,2065.3,2433.48,2382.87,2249.57,2544.52,1262.06,1352.0,1342.0,1228.0,1208.0,1376.0,0,0,0,0,0,0,0,0,0,0,0,0,0,0,0,0,0,0,0,0,0,0,0,0,0,0,0,0,0
137,Oman,149.9,108.91,508.27,207.29,328.4,166.35000000000002,357.73,1315.27,1236.5,343.82,186.95,132.84,174.93,217.04,259.16,301.25,343.36,385.46,427.56,469.67,511.78,584.6,678.09,878.76,819.54,666.91,693.47,550.9300000000001,408.41,609.61,3405.47,0,0,0,0,0,0,0,0,0,0,0,0,0,0,0,0,0,0,0,0,0,0,0,0,0,0,0,0,0
138,Pakistan,14930.0,16933.0,15737.0,14820.0,18548.0,23042.0,33345.0,50351.0,54431.0,60370.0,82472.0,34353.0,23742.16,23742.3,23742.46,23742.62,23742.76,23742.92,23743.08,23743.22,23743.38,23743.54,23743.68,23743.84,23743.84,23743.84,23743.84,23743.84,23743.84,23743.84,23743.84,0,0,0,0,0,0,0,0,0,0,0,0,0,0,0,0,0,0,0,0,0,0,0,0,0,0,0,0,0
139,Palestine,2526.86,2526.86,2526.86,2526.86,2526.86,2526.86,2526.86,2526.86,2526.86,2526.86,2526.86,2526.86,2526.86,2477.55,2475.08,2486.6099999999997,2581.56,2531.65,2696.28,2696.28,2696.28,2696.28,2696.28,2696.28,2696.28,2696.28,2696.28,2696.28,2696.28,2696.28,2696.28,0,0,0,0,0,0,0,0,0,0,0,0,0,0,0,0,0,0,0,0,0,0,0,0,0,0,0,0,0
140,Panama,6617.07,6617.07,6617.07,6617.07,6617.07,6617.07,6617.07,7479.07,7185.14,3107.4900000000002,2198.84,5578.26,4283.24,4896.78,5181.0,5354.27,5265.74,4479.6,4285.86,4092.12,3898.38,5556.96,4114.05,7431.87,4917.4400000000005,4880.3,4843.14,7210.0,4494.98,6270.37,7866.9400000000005,0,0,0,0,0,0,0,0,0,0,0,0,0,0,0,0,0,0,0,0,0,0,0,0,0,0,0,0,0
141,Papua New Guinea,242.0,242.0,363.0,516.0,528.0,315.0,210.0,210.0,210.0,210.0,210.0,210.0,210.0,210.0,210.0,210.0,210.0,210.0,210.0,210.0,210.0,210.0,210.0,210.0,210.0,210.0,210.0,210.0,210.0,210.0,210.0,0,0,0,0,0,0,0,0,0,0,0,0,0,0,0,0,0,0,0,0,0,0,0,0,0,0,0,0,0
142,Paraguay,6760.0,6760.0,10110.0,11613.6,16467.2,21320.8,26174.4,46457.0,36302.0,15191.0,10493.0,31115.0,23505.98,25845.99,28185.969999999998,30525.95,32865.939999999995,35205.94,37545.93,39885.91,42225.89,44565.9,70336.48,73987.34,54200.63,56713.74,55696.0,58986.0,42243.28,102805.14,90895.95999999999,0,0,0,0,0,0,0,0,0,0,0,0,0,0,0,0,0,0,0,0,0,0,0,0,0,0,0,0,0
143,Peru,2671.06,2671.06,2671.06,2671.06,2671.06,5670.06,6803.360000000001,7898.66,3824.98,3618.84,4514.34,6002.58,5786.64,5697.13,6256.66,7155.2300000000005,8476.27,5856.52,10017.38,9438.28,12451.34,12061.38,14577.27,14183.12,16549.1,17786.92,18965.78,20073.9,17235.14,21271.52,21261.18,0,0,0,0,0,0,0,0,0,0,0,0,0,0,0,0,0,0,0,0,0,0,0,0,0,0,0,0,0
144,Philippines,30308.6,30747.84,31016.269999999997,31661.37,32475.07,33517.89,33706.99,33693.9,33918.84,34945.66,34765.36,35019.54,35990.63,36661.26,36021.8,36607.95,37798.090000000004,38807.08,40151.450000000004,39951.57,42622.22,42359.07,43216.04,44748.23,44223.229999999996,46501.3,43264.26,42982.61,42700.97,49757.94,49757.94,0,0,0,0,0,0,0,0,0,0,0,0,0,0,0,0,0,0,0,0,0,0,0,0,0,0,0,0,0
145,Poland,10844.0,10844.0,14726.0,17650.0,18660.0,14272.0,19648.0,19002.0,17398.0,16932.0,17696.0,17710.0,20716.0,14368.0,17452.0,45903.0,49181.0,54559.0,59318.06,53388.09,56077.06,63077.05,64107.590000000004,64930.46,68328.67,69480.0,70636.0,72558.0,67493.0,69860.0,71057.0,0,0,0,0,0,0,0,0,0,0,0,0,0,0,0,0,0,0,0,0,0,0,0,0,0,0,0,0,0
146,Portugal,18714.0,27708.0,17983.0,26367.0,28211.0,34762.0,36611.0,25500.0,41613.0,44513.0,44097.0,45218.0,34904.0,34060.0,33884.0,32706.0,31404.0,47644.36,49089.89,39464.9,39455.36,40380.92,35572.14,29428.2,36841.57,25881.579999999998,25997.67,18023.57,23086.95,28566.97,28290.81,0,0,0,0,0,0,0,0,0,0,0,0,0,0,0,0,0,0,0,0,0,0,0,0,0,0,0,0,0
147,Puerto Rico,0.0,0.0,0.0,0.0,0.0,0.0,0.0,0.0,0.0,0.0,0.0,0.0,0.0,0.0,0.0,0.0,0.0,0.0,0.0,0.0,0.0,0.0,0.0,0.0,0.0,0.0,0.0,0.0,0.0,0.0,0.0,0,0,0,0,0,0,0,0,0,0,0,0,0,0,0,0,0,0,0,0,0,0,0,0,0,0,0,0,0
148,Qatar,6.0,6.0,6.0,9.0,9.0,12.0,18.0,43.0,74.0,105.0,204.0,136.0,136.0,136.0,136.0,136.0,136.0,136.0,136.0,136.0,136.0,136.0,136.0,136.0,136.0,136.0,136.0,136.0,136.0,136.0,136.0,0,0,0,0,0,0,0,0,0,0,0,0,0,0,0,0,0,0,0,0,0,0,0,0,0,0,0,0,0
149,Republic of Korea,72783.0,79556.0,77128.0,75053.0,53941.0,51690.0,49240.0,49638.0,44206.0,51674.0,51368.0,56436.0,51688.0,49220.0,50646.0,49012.0,48152.0,48524.0,50736.0,45580.0,40862.0,38262.0,34876.0,37416.0,39576.0,38964.0,39596.0,40086.0,37432.0,33490.0,32556.0,0,0,0,0,0,0,0,0,0,0,0,0,0,0,0,0,0,0,0,0,0,0,0,0,0,0,0,0,0
150,Republic of Moldova,0.0,0.0,8624.0,7452.0,5107.09,5212.22,5317.31,5422.429999999999,5527.52,5632.650000000001,5737.74,5752.56,5212.88,5431.46,5830.8,4789.86,4932.74,5112.06,5849.26,4616.54,4932.26,4907.9,4632.44,4818.5,5000.8,5478.0,5962.0,6232.0,6698.9,6762.4,6709.8,0,0,0,0,0,0,0,0,0,0,0,0,0,0,0,0,0,0,0,0,0,0,0,0,0,0,0,0,0
151,Romania,50510.0,39796.0,30268.0,48504.0,43622.0,40226.0,34850.0,30698.0,27958.0,22560.0,18854.8,15742.2,15751.4,13856.2,13556.4,15131.4,13466.4,12628.0,14387.4,13097.4,14498.4,13165.8,12837.4,13895.8,13447.6,13216.08,12926.0,13430.0,10486.0,10904.0,10730.0,0,0,0,0,0,0,0,0,0,0,0,0,0,0,0,0,0,0,0,0,0,0,0,0,0,0,0,0,0
152,Russian Federation,0.0,0.0,51922.0,51922.0,51922.0,51922.0,51922.0,77883.0,54744.12,57566.22,60388.34,63210.46,66032.58,68854.68,71676.8,74498.91,77321.02,80143.13,82965.23999999999,85787.37000000001,88609.48,91431.6,94253.71,97075.83,99897.94,102720.06999999999,142114.0,159045.28,149343.12,154613.51,181069.92,0,0,0,0,0,0,0,0,0,0,0,0,0,0,0,0,0,0,0,0,0,0,0,0,0,0,0,0,0
153,Rwanda,471.0,321.0,291.0,254.8,315.6,376.4,437.2,747.0,471.0,304.0,441.0,144.0,212.68,422.04,478.62,668.76,866.1600000000001,1194.33,965.25,3562.7999999999997,2861.5499999999997,544.8,2768.83,5524.5,6182.73,7452.33,6081.08,4054.05,4054.05,4054.05,4054.05,0,0,0,0,0,0,0,0,0,0,0,0,0,0,0,0,0,0,0,0,0,0,0,0,0,0,0,0,0
154,Réunion,0.0,0.0,0.0,0.0,0.0,0.0,0.0,0.0,0.0,0.0,0.0,0.0,0.0,0.0,0.0,0.0,0.0,0.0,0.0,0.0,0.0,0.0,0.0,0.0,0.0,0.0,0.0,0.0,0.0,0.0,0.0,0,0,0,0,0,0,0,0,0,0,0,0,0,0,0,0,0,0,0,0,0,0,0,0,0,0,0,0,0
155,Saint Kitts and Nevis,21.76,21.76,21.76,21.76,21.76,21.76,21.76,21.76,21.76,21.76,32.64,30.84,33.96,35.76,37.56,37.86,37.71,37.71,44.88,45.24,43.83,44.34,3.9800000000000004,2.8200000000000003,4.68,4.02,4.93,5.8,8.7,54.239999999999995,36.16,0,0,0,0,0,0,0,0,0,0,0,0,0,0,0,0,0,0,0,0,0,0,0,0,0,0,0,0,0
156,Saint Lucia,194.0,194.0,194.0,194.0,194.0,194.0,194.0,291.0,147.0,588.0,392.0,392.0,392.0,392.0,392.0,392.0,392.0,392.0,392.0,392.0,392.0,392.0,392.0,392.0,392.0,392.0,392.0,392.0,392.0,392.0,392.0,0,0,0,0,0,0,0,0,0,0,0,0,0,0,0,0,0,0,0,0,0,0,0,0,0,0,0,0,0
157,Saint Vincent and the Grenadines,0.0,0.0,0.0,0.0,0.0,0.0,0.0,0.0,0.0,0.0,0.0,0.0,0.0,0.0,0.0,0.0,0.0,0.0,0.0,0.0,0.0,0.0,0.0,0.0,0.0,0.0,0.0,0.0,0.0,0.0,0.0,0,0,0,0,0,0,0,0,0,0,0,0,0,0,0,0,0,0,0,0,0,0,0,0,0,0,0,0,0
158,Samoa,96.14,144.21,108.0,70.59,144.81,132.41,70.09,88.34,36.15,30.06,20.31,24.82,36.09,47.37,58.65,69.91000000000001,81.19,92.47,103.74,115.02,126.28999999999999,137.57,148.85000000000002,160.11,171.39000000000001,182.67,193.94,306.84000000000003,589.1,413.79999999999995,683.5799999999999,0,0,0,0,0,0,0,0,0,0,0,0,0,0,0,0,0,0,0,0,0,0,0,0,0,0,0,0,0
159,Sao Tome and Principe,0.0,0.0,0.0,0.0,0.0,0.0,0.0,0.0,0.0,0.0,0.0,0.0,0.0,0.0,0.0,0.0,0.0,0.0,0.0,0.0,0.0,0.0,0.0,0.0,0.0,0.0,0.0,0.0,0.0,0.0,0.0,0,0,0,0,0,0,0,0,0,0,0,0,0,0,0,0,0,0,0,0,0,0,0,0,0,0,0,0,0
160,Saudi Arabia,1988.0,1988.0,1988.0,1988.0,1988.0,1988.0,2949.0,7502.0,5366.73,5707.49,6048.22,6388.97,6729.73,7070.45,7411.2,7751.93,8092.6900000000005,12538.86,8755.44,9077.449999999999,9399.49,9721.5,10043.5,10825.0,12519.34,14213.69,15908.03,17602.38,19296.73,28788.670000000002,83513.55,0,0,0,0,0,0,0,0,0,0,0,0,0,0,0,0,0,0,0,0,0,0,0,0,0,0,0,0,0
161,Senegal,768.0,768.0,1149.0,1069.65,1638.9,1301.93,1229.99,1307.69,1346.1299999999999,941.76,1471.09,845.42,656.0,747.98,839.94,931.89,1023.87,1115.83,1207.81,1299.76,1391.72,1483.7,2359.21,2165.4900000000002,1791.69,2124.46,2424.19,744.5600000000001,957.55,957.55,2691.33,0,0,0,0,0,0,0,0,0,0,0,0,0,0,0,0,0,0,0,0,0,0,0,0,0,0,0,0,0
162,Serbia,0.0,0.0,0.0,0.0,0.0,0.0,0.0,0.0,0.0,0.0,0.0,0.0,0.0,0.0,0.0,0.0,0.0,0.0,0.0,0.0,0.0,0.0,0.0,0.0,0.0,0.0,0.0,0.0,0.0,0.0,0.0,0,0,0,0,0,0,0,0,0,0,0,0,0,0,0,0,0,0,0,0,0,0,0,0,0,0,0,0,0
163,Serbia and Montenegro,0.0,0.0,5950.42,3643.72,3414.14,2949.32,2897.54,2728.44,2823.66,2675.64,2511.98,2658.36,2336.76,2057.96,2099.08,2099.08,0.0,0.0,0.0,0.0,0.0,0.0,0.0,0.0,0.0,0.0,0.0,0.0,0.0,0.0,0.0,0,0,0,0,0,0,0,0,0,0,0,0,0,0,0,0,0,0,0,0,0,0,0,0,0,0,0,0,0
164,Seychelles,30.869999999999997,27.18,25.73,92.25,98.48,106.99,104.11,72.87,56.2,37.5,37.5,37.5,37.5,37.5,37.5,37.5,37.5,37.5,37.5,37.5,37.5,37.5,37.5,37.5,37.5,37.5,37.5,37.5,37.5,37.5,37.5,0,0,0,0,0,0,0,0,0,0,0,0,0,0,0,0,0,0,0,0,0,0,0,0,0,0,0,0,0
165,Sierra Leone,0.0,0.0,0.0,0.0,0.0,0.0,0.0,0.0,0.0,0.0,0.0,0.0,0.0,0.0,0.0,0.0,0.0,0.0,0.0,0.0,0.0,0.0,0.0,0.0,0.0,0.0,0.0,0.0,0.0,0.0,0.0,0,0,0,0,0,0,0,0,0,0,0,0,0,0,0,0,0,0,0,0,0,0,0,0,0,0,0,0,0
166,Singapore,0.0,0.0,0.0,0.0,0.0,0.0,0.0,0.0,0.0,0.0,0.0,0.0,0.0,0.0,0.0,0.0,0.0,0.0,0.0,0.0,0.0,0.0,0.0,0.0,0.0,0.0,0.0,0.0,0.0,0.0,0.0,0,0,0,0,0,0,0,0,0,0,0,0,0,0,0,0,0,0,0,0,0,0,0,0,0,0,0,0,0
167,Slovakia,0.0,0.0,0.0,11022.099999999999,11895.5,16262.7,10799.2,9178.599999999999,9658.5,7743.700000000001,4318.5599999999995,4563.2699999999995,4846.62,4452.01,4620.31,4513.2699999999995,4632.67,4647.51,4359.7,4818.65,5502.62,4061.01,4475.37,4648.64,4934.71,4514.2,4393.0,4950.0,5126.0,5327.0,5202.0,0,0,0,0,0,0,0,0,0,0,0,0,0,0,0,0,0,0,0,0,0,0,0,0,0,0,0,0,0
168,Slovenia,0.0,0.0,2618.0,2224.0,1888.0,1974.0,1906.0,3735.0,3273.0,2269.0,4282.0,4138.0,2328.2,2722.0,3115.96,2767.76,2561.96,2310.46,2436.3,2325.74,2268.74,3343.84,3031.15,2732.83,3016.42,3115.3999999999996,3461.0,3253.0,3505.0,2903.0,2836.0,0,0,0,0,0,0,0,0,0,0,0,0,0,0,0,0,0,0,0,0,0,0,0,0,0,0,0,0,0
169,Solomon Islands,0.0,0.0,0.0,0.0,0.0,0.0,0.0,0.0,0.0,0.0,0.0,0.0,0.0,0.0,0.0,0.0,0.0,0.0,0.0,0.0,0.0,0.0,0.0,0.0,0.0,0.0,0.0,0.0,0.0,0.0,0.0,0,0,0,0,0,0,0,0,0,0,0,0,0,0,0,0,0,0,0,0,0,0,0,0,0,0,0,0,0
170,Somalia,0.0,0.0,0.0,0.0,0.0,0.0,0.0,0.0,0.0,0.0,0.0,0.0,0.0,0.0,0.0,0.0,0.0,0.0,0.0,0.0,0.0,0.0,0.0,0.0,0.0,0.0,0.0,0.0,0.0,0.0,0.0,0,0,0,0,0,0,0,0,0,0,0,0,0,0,0,0,0,0,0,0,0,0,0,0,0,0,0,0,0
171,South Africa,33164.0,33164.0,33164.0,33164.0,48571.0,52865.0,57110.0,63323.0,71384.0,76549.4,78306.0,53714.0,53714.0,53714.0,53714.0,53714.0,53714.0,53714.0,53714.0,53714.0,53714.0,53714.0,53714.0,53714.0,53714.0,53714.0,53714.0,53714.0,53714.0,53714.0,53714.0,0,0,0,0,0,0,0,0,0,0,0,0,0,0,0,0,0,0,0,0,0,0,0,0,0,0,0,0,0
172,South Sudan,0.0,0.0,0.0,0.0,0.0,0.0,0.0,0.0,0.0,0.0,0.0,0.0,0.0,0.0,0.0,0.0,0.0,0.0,0.0,0.0,0.0,0.0,0.0,0.0,0.0,0.0,0.0,0.0,0.0,0.0,0.0,0,0,0,0,0,0,0,0,0,0,0,0,0,0,0,0,0,0,0,0,0,0,0,0,0,0,0,0,0
173,Spain,79124.0,78294.0,63678.0,58816.0,62488.0,55704.0,66472.0,68046.0,70140.0,67228.0,69194.0,71400.0,81454.0,83172.0,94890.0,82034.0,79534.0,78572.0,81438.0,70398.0,78086.0,160424.0,145823.0,162422.0,183031.0,176884.0,185449.0,182483.8,110446.36,129353.08,86673.84,0,0,0,0,0,0,0,0,0,0,0,0,0,0,0,0,0,0,0,0,0,0,0,0,0,0,0,0,0
174,Sri Lanka,4713.99,4227.45,6432.93,5259.6,5582.1,5206.5,4963.2300000000005,4866.2,4597.2300000000005,5300.73,5087.13,3410.1,3428.7799999999997,3447.46,3466.14,3484.82,5255.25,4319.4,3457.17,3511.08,4351.62,3870.9300000000003,3338.4,3705.93,2800.02,7619.76,5776.0,3922.76,6784.0,4579.29,7719.45,0,0,0,0,0,0,0,0,0,0,0,0,0,0,0,0,0,0,0,0,0,0,0,0,0,0,0,0,0
175,Sudan,0.0,0.0,0.0,0.0,0.0,0.0,0.0,0.0,0.0,0.0,0.0,0.0,0.0,0.0,0.0,0.0,0.0,0.0,0.0,0.0,0.0,0.0,7391.37,5331.36,5723.79,6116.22,9698.52,7111.12,16447.760000000002,12240.380000000001,8165.06,0,0,0,0,0,0,0,0,0,0,0,0,0,0,0,0,0,0,0,0,0,0,0,0,0,0,0,0,0
176,Sudan (former),3286.0,3286.0,4929.0,1452.0,3038.0,3889.0,4112.0,3664.0,1808.0,1170.0,798.0,1035.32,1538.66,2041.98,2545.32,4558.56,3782.49,3138.15,4030.2,7244.67,8562.93,5724.94,0.0,0.0,0.0,0.0,0.0,0.0,0.0,0.0,0.0,0,0,0,0,0,0,0,0,0,0,0,0,0,0,0,0,0,0,0,0,0,0,0,0,0,0,0,0,0
177,Suriname,651.0,621.0,395.0,376.0,357.0,507.0,426.0,417.0,302.66,327.34,528.0,546.16,1335.19,1651.54,1420.2,1582.46,1428.2,1570.99,1891.8700000000001,2205.32,1390.15,2350.81,1482.94,1239.54,1681.53,2519.83,1658.0,1740.9,2041.0,1444.41,1087.11,0,0,0,0,0,0,0,0,0,0,0,0,0,0,0,0,0,0,0,0,0,0,0,0,0,0,0,0,0
178,Sweden,6882.0,5481.0,4460.0,4360.0,5842.0,3644.0,4561.0,3068.0,3110.0,3204.0,5128.0,5329.0,4396.0,5098.0,2706.0,4264.0,4440.0,4314.0,4704.0,3870.0,3964.0,3562.0,3628.0,3240.0,3760.0,3672.4,3260.0,3050.0,2918.0,2956.2,3306.0,0,0,0,0,0,0,0,0,0,0,0,0,0,0,0,0,0,0,0,0,0,0,0,0,0,0,0,0,0
179,Switzerland,6598.0,5928.8,5866.4,5649.0,5599.0,5353.6,5118.6,4824.6,4585.099999999999,4468.2,4623.7,4580.0,4526.6,4365.5,4110.3,4103.8,4034.42,6079.4,6583.63,6491.37,6282.75,6742.43,6600.57,6741.16,6616.79,6445.5,6263.05,5929.34,6000.71,5712.320000000001,5659.6,0,0,0,0,0,0,0,0,0,0,0,0,0,0,0,0,0,0,0,0,0,0,0,0,0,0,0,0,0
180,Syrian Arab Republic,1717.24,1717.24,1717.24,1717.24,1717.24,1717.24,1717.24,3555.24,7903.28,7968.6,5629.5,6099.48,2844.48,2844.48,2844.48,2844.48,2844.48,2844.48,2844.48,2844.48,2844.48,2844.48,2844.48,2844.48,2844.48,2844.48,2844.48,2844.48,2844.48,2844.48,2844.48,0,0,0,0,0,0,0,0,0,0,0,0,0,0,0,0,0,0,0,0,0,0,0,0,0,0,0,0,0
181,Tajikistan,0.0,0.0,4560.0,6763.0,2139.0,162.0,2476.0,1502.6299999999999,1353.26,1203.87,1054.5,905.13,755.76,606.38,685.5,706.2,725.7,743.7,760.5,774.3000000000001,786.3000000000001,793.8,529.2,529.2,529.2,529.2,529.2,529.2,529.2,529.2,529.2,0,0,0,0,0,0,0,0,0,0,0,0,0,0,0,0,0,0,0,0,0,0,0,0,0,0,0,0,0
182,Thailand,37698.0,37698.0,37698.0,56282.0,61054.0,71743.0,65318.0,71453.0,57166.0,67665.0,60238.0,61259.34999999999,81850.65000000001,151395.0,262842.0,130651.0,122867.0,199253.0,195292.0,202569.0,205822.0,259924.0,209261.0,24403.0,65108.0,52335.33,61070.659999999996,68074.95999999999,69553.23000000001,56147.61,38013.12,0,0,0,0,0,0,0,0,0,0,0,0,0,0,0,0,0,0,0,0,0,0,0,0,0,0,0,0,0
183,Timor-Leste,0.12,0.12,0.12,0.12,0.12,0.12,0.12,0.12,0.12,0.12,0.12,0.12,0.18,6.9,2.46,2.0999999999999996,3.19,7.32,4.17,5.34,3.56,3.56,3.56,3.56,3.56,3.56,3.56,3.56,3.56,3.56,3.56,0,0,0,0,0,0,0,0,0,0,0,0,0,0,0,0,0,0,0,0,0,0,0,0,0,0,0,0,0
184,Togo,972.0,639.0,574.0,618.0,609.0,594.0,591.0,456.14,518.26,580.4,642.54,704.68,766.8,1092.01,1596.55,567.29,724.42,733.74,600.02,485.41,676.99,437.22,971.69,1064.9,2387.37,3317.7400000000002,3711.4,3789.0,4068.0,4275.0,2850.0,0,0,0,0,0,0,0,0,0,0,0,0,0,0,0,0,0,0,0,0,0,0,0,0,0,0,0,0,0
185,Tokelau,0.0,0.0,0.0,0.0,0.0,0.0,0.0,0.0,0.0,0.0,0.0,0.0,0.0,0.0,0.0,0.0,0.0,0.0,0.0,0.0,0.0,0.0,0.0,0.0,0.0,0.0,0.0,0.0,0.0,0.0,0.0,0,0,0,0,0,0,0,0,0,0,0,0,0,0,0,0,0,0,0,0,0,0,0,0,0,0,0,0,0
186,Tonga,22.42,22.42,22.42,22.42,22.42,22.42,22.42,22.42,22.42,22.42,22.42,22.42,22.42,22.42,22.42,22.42,22.42,22.42,22.42,22.42,22.42,22.42,22.42,22.42,30.18,24.089999999999996,27.0,70.0,84.0,44.0,44.0,0,0,0,0,0,0,0,0,0,0,0,0,0,0,0,0,0,0,0,0,0,0,0,0,0,0,0,0,0
187,Trinidad and Tobago,672.0,774.0,770.0,628.0,596.0,568.0,538.0,506.0,478.0,450.0,424.0,390.0,362.0,334.0,300.0,272.0,244.0,216.0,186.0,237.39999999999998,2277.91,514.34,3132.71,2574.9,3516.81,2346.0,2346.0,2346.0,2346.0,2346.0,2346.0,0,0,0,0,0,0,0,0,0,0,0,0,0,0,0,0,0,0,0,0,0,0,0,0,0,0,0,0,0
188,Tunisia,1818.0,1818.0,1818.0,1818.0,1818.0,1818.0,1818.0,2709.0,2344.38,2430.78,2823.55,2758.89,2310.94,2544.55,3164.41,2985.44,2580.96,2726.38,3553.3,2990.56,4349.81,4270.2,6152.79,4923.99,5531.93,5634.88,6267.88,5340.77,6422.95,7022.24,7022.24,0,0,0,0,0,0,0,0,0,0,0,0,0,0,0,0,0,0,0,0,0,0,0,0,0,0,0,0,0
189,Turkmenistan,0.0,0.0,15326.0,19424.0,19424.0,19424.0,19424.0,19424.0,19424.0,19424.0,19424.0,19424.0,19424.0,19424.0,19424.0,19424.0,19424.0,19424.0,19424.0,19424.0,19424.0,19424.0,19424.0,19424.0,19424.0,19424.0,19424.0,19424.0,19424.0,19424.0,19424.0,0,0,0,0,0,0,0,0,0,0,0,0,0,0,0,0,0,0,0,0,0,0,0,0,0,0,0,0,0
190,Türkiye,87348.0,70123.0,78776.0,81521.0,70384.0,74137.0,88430.0,100867.0,87273.0,95693.0,95589.0,74257.0,55830.0,66150.0,57662.0,80664.0,54842.0,97431.02,75280.4,75302.3,77109.38,79068.86,85221.18,78880.0,79445.44,78052.0,100108.0,108196.0,120040.0,102594.0,107344.0,0,0,0,0,0,0,0,0,0,0,0,0,0,0,0,0,0,0,0,0,0,0,0,0,0,0,0,0,0
191,USSR,172400.0,184400.0,0.0,0.0,0.0,0.0,0.0,0.0,0.0,0.0,0.0,0.0,0.0,0.0,0.0,0.0,0.0,0.0,0.0,0.0,0.0,0.0,0.0,0.0,0.0,0.0,0.0,0.0,0.0,0.0,0.0,0,0,0,0,0,0,0,0,0,0,0,0,0,0,0,0,0,0,0,0,0,0,0,0,0,0,0,0,0
192,Uganda,144.0,144.0,216.0,213.0,177.0,264.0,176.0,176.0,176.0,176.0,176.0,176.0,176.0,176.0,176.0,176.0,176.0,176.0,176.0,176.0,176.0,176.0,176.0,176.0,176.0,176.0,176.0,176.0,176.0,176.0,176.0,0,0,0,0,0,0,0,0,0,0,0,0,0,0,0,0,0,0,0,0,0,0,0,0,0,0,0,0,0
193,Ukraine,0.0,0.0,133544.0,123686.93,113829.85,103972.79000000001,94115.70999999999,84258.64,74401.56,64544.49,54687.41,44830.35,34973.270000000004,37674.3,46033.2,68340.1,85523.6,107202.0,160049.5,106969.1,184567.8,233291.09999999998,267976.4,254075.4,229785.0,129973.01,103544.0,77114.98999999999,75245.0,72124.0,73311.0,0,0,0,0,0,0,0,0,0,0,0,0,0,0,0,0,0,0,0,0,0,0,0,0,0,0,0,0,0
194,United Arab Emirates,0.0,0.0,0.0,0.0,0.0,0.0,0.0,0.0,0.0,0.0,0.0,0.0,0.0,0.0,0.0,0.0,0.0,0.0,0.0,0.0,0.0,0.0,0.0,0.0,0.0,0.0,0.0,0.0,0.0,0.0,0.0,0,0,0,0,0,0,0,0,0,0,0,0,0,0,0,0,0,0,0,0,0,0,0,0,0,0,0,0,0
195,United Kingdom of Great Britain and Northern Ireland,59034.0,58044.0,90525.0,94473.0,99011.0,98469.0,103789.0,103520.0,103113.0,103461.0,95899.23999999999,95474.56999999999,89771.12,89055.68,90639.06,91203.35,64936.54,64167.21,61525.15,60719.99,47679.649999999994,46572.25,50319.22,50189.259999999995,52246.57,52557.67,55133.0,54615.0,55289.0,55441.58,42841.03,0,0,0,0,0,0,0,0,0,0,0,0,0,0,0,0,0,0,0,0,0,0,0,0,0,0,0,0,0
196,United Republic of Tanzania,40.0,40.0,40.0,60.0,2145.0,1671.0,21.0,147.0,3.0,2.0,2.0,2.0,2.0,2.0,2.0,2.0,2.0,2.0,2.0,2.0,2.0,2.0,2.0,2.0,2.0,2.0,2.0,2.0,2.0,2.0,2.0,0,0,0,0,0,0,0,0,0,0,0,0,0,0,0,0,0,0,0,0,0,0,0,0,0,0,0,0,0
197,United States of America,801951.86,769292.78,801951.8,783807.72,851845.36,846403.06,866360.72,869081.52,849124.22,867267.92,860010.42,822815.88,833702.08,835516.48,850031.42,776550.3,785621.34,800136.29,758405.84,716675.4,749636.4,782597.4,815558.4,815558.4,815558.4,815558.4,815558.4,815558.4,815558.4,815558.4,815558.4,0,0,0,0,0,0,0,0,0,0,0,0,0,0,0,0,0,0,0,0,0,0,0,0,0,0,0,0,0
198,Uruguay,3524.02,3524.02,4144.06,3268.04,6527.24,6832.06,9869.03,9590.15,12152.09,11213.09,10526.24,12815.12,14947.95,21905.55,26385.22,26877.149999999998,26648.62,41274.06,26670.44,39267.14,44192.869999999995,52002.32,69373.7,55980.4,68113.79999999999,41771.3,39911.799999999996,29811.92,48989.149999999994,32892.24,32892.24,0,0,0,0,0,0,0,0,0,0,0,0,0,0,0,0,0,0,0,0,0,0,0,0,0,0,0,0,0
199,Uzbekistan,0.0,0.0,0.0,0.0,0.0,0.0,0.0,0.0,0.0,0.0,0.0,0.0,0.0,0.0,0.0,0.0,0.0,0.0,0.0,0.0,0.0,0.0,0.0,0.0,0.0,0.0,0.0,0.0,0.0,0.0,0.0,0,0,0,0,0,0,0,0,0,0,0,0,0,0,0,0,0,0,0,0,0,0,0,0,0,0,0,0,0
200,Vanuatu,294.0,444.0,396.0,262.0,262.0,262.0,262.0,262.0,262.0,262.0,262.0,262.0,262.0,262.0,262.0,262.0,262.0,262.0,262.0,262.0,262.0,262.0,262.0,262.0,262.0,262.0,262.0,262.0,262.0,262.0,262.0,0,0,0,0,0,0,0,0,0,0,0,0,0,0,0,0,0,0,0,0,0,0,0,0,0,0,0,0,0
201,Venezuela (Bolivarian Republic of),3644.0,4818.0,7856.0,7856.0,7856.0,7856.0,7856.0,7856.0,7856.0,7856.0,7856.0,7856.0,7856.0,7856.0,7856.0,7856.0,7856.0,7856.0,7856.0,7856.0,7856.0,7856.0,7856.0,7856.0,7856.0,7856.0,7856.0,7856.0,7856.0,7856.0,7856.0,0,0,0,0,0,0,0,0,0,0,0,0,0,0,0,0,0,0,0,0,0,0,0,0,0,0,0,0,0
202,Viet Nam,41824.0,41824.0,41824.0,41824.0,41824.0,49792.0,65490.0,66038.0,41682.0,33390.0,33004.0,38308.0,38308.0,38308.0,38308.0,38308.0,38308.0,38308.0,38308.0,38308.0,38308.0,38308.0,38308.0,38308.0,38308.0,38308.0,38308.0,38308.0,38308.0,38308.0,38308.0,0,0,0,0,0,0,0,0,0,0,0,0,0,0,0,0,0,0,0,0,0,0,0,0,0,0,0,0,0
203,Yemen,1426.56,1426.56,1426.56,1426.56,1426.56,1426.56,1426.56,2139.84,3545.2999999999997,3710.4500000000003,3863.4500000000003,3152.34,3729.26,2235.66,1832.3899999999999,2334.3,2215.83,553.33,229.01,262.51,401.55,324.93,219.18,219.18,219.18,219.18,219.18,219.18,219.18,219.18,219.18,0,0,0,0,0,0,0,0,0,0,0,0,0,0,0,0,0,0,0,0,0,0,0,0,0,0,0,0,0
204,Yugoslav SFR,7722.0,8551.0,0.0,0.0,0.0,0.0,0.0,0.0,0.0,0.0,0.0,0.0,0.0,0.0,0.0,0.0,0.0,0.0,0.0,0.0,0.0,0.0,0.0,0.0,0.0,0.0,0.0,0.0,0.0,0.0,0.0,0,0,0,0,0,0,0,0,0,0,0,0,0,0,0,0,0,0,0,0,0,0,0,0,0,0,0,0,0
205,Zambia,2160.0,2160.0,2160.0,2160.0,2160.0,1432.0,3340.0,3595.01,3850.05,4105.08,4360.110000000001,4615.13,4870.15,5125.19,5380.22,5635.24,5890.25,6145.3099999999995,6400.32,6655.34,6910.37,7165.41,7420.43,7675.46,7930.47,8185.52,8440.539999999999,8695.560000000001,8393.28,8393.28,8393.28,0,0,0,0,0,0,0,0,0,0,0,0,0,0,0,0,0,0,0,0,0,0,0,0,0,0,0,0,0
206,Zimbabwe,15304.0,17748.0,8525.0,4898.0,4772.0,7457.0,7299.0,8146.0,8529.0,5836.36,5906.7300000000005,5977.08,6047.44,6117.8,6188.17,6258.53,6328.889999999999,6399.27,6469.62,6539.98,6610.33,6680.71,9928.06,7421.4400000000005,6379.04,4370.14,4370.14,4370.14,4370.14,4370.14,4370.14,0,0,0,0,0,0,0,0,0,0,0,0,0,0,0,0,0,0,0,0,0,0,0,0,0,0,0,0,0
